id,title,provider,url,quality_score,reasons
4411b57a-71d7-4936-9565-1542a0c37124,Australia Awards Scholarships,RMIT University,https://www.mastersportal.com/scholarships/3248/australia-awards-scholarships.html,0,expired_deadline;exact_duplicate_group;near_duplicate;parser_garbage
598d757e-2109-4841-9dc9-776432a21e90,Australia Awards Scholarships,The University of Sydney,https://www.mastersportal.com/scholarships/14273/australia-awards-scholarships.html,0,expired_deadline;exact_duplicate_group;near_duplicate;parser_garbage
06b87aa3-0a15-4c5c-bc9d-4cd1dd6993eb,Scholarship for degree and exchange study in Estonia,University of Tartu,https://www.mastersportal.com/scholarships/7605/scholarship-for-degree-and-exchange-study-in-estonia.html,5,exact_duplicate_group;near_duplicate;parser_garbage
0ba3075b-c6a0-46e4-9802-8fac21c564d4,British Chevening Scholarship,The University of Manchester,https://www.mastersportal.com/scholarships/1902/british-chevening-scholarship.html,5,exact_duplicate_group;near_duplicate;parser_garbage
0d543c49-0446-4316-bf43-e36a253fa900,Sport Scholarships,Canterbury Christ Church University,https://www.mastersportal.com/scholarships/3066/sport-scholarships.html,5,exact_duplicate_group;near_duplicate;parser_garbage
1a53ce92-a19f-440d-ab34-ed3da5e5f2c1,Global Excellence Scholarship,Loughborough University,https://www.mastersportal.com/scholarships/8436/global-excellence-scholarship.html,5,exact_duplicate_group;near_duplicate;parser_garbage
225dbe22-9117-4b7f-b26f-6b92ee42b0a6,Vice-Chancellor's International Scholarship,Hartpury University,https://www.mastersportal.com/scholarships/8227/vice-chancellors-international-scholarship.html,5,exact_duplicate_group;near_duplicate;parser_garbage
22aa3f7d-07ee-4b1a-94a7-6cb106418997,International Masters Scholarship,The Glasgow School of Art,https://www.mastersportal.com/scholarships/9919/international-masters-scholarship.html,5,exact_duplicate_group;near_duplicate;parser_garbage
28c9f39e-e205-4cde-9f41-772dabc86c7d,Chevening Scholarships,Durham University,https://www.mastersportal.com/scholarships/7893/chevening-scholarships.html,5,exact_duplicate_group;near_duplicate;parser_garbage
32a2b46b-b7a0-4e9c-9823-d7bcf8bee04c,Chevening Scholarship,"City St George's, University of London",https://www.mastersportal.com/scholarships/3554/chevening-scholarship.html,5,exact_duplicate_group;near_duplicate;parser_garbage
399d2754-fafd-41c2-ad10-a7dc535503c6,School of Health & Psychological Sciences Dean's Scholarship for Academic and Clinical Excellence,"City St George's, University of London",https://www.mastersportal.com/scholarships/1556/school-of-health-psychological-sciences-deans-scholarship-for-academic-and-clinical-excellence.html,5,exact_duplicate_group;near_duplicate;parser_garbage
3c2f55be-197e-44f1-aae3-acb2925fc54b,Amberscholar Scholarship,Amber Scholar,https://www.mastersportal.com/scholarships/14122/amberscholar-scholarship.html,5,exact_duplicate_group;near_duplicate;parser_garbage
3c76c32a-0d0a-48be-a926-c44da5018125,NL Scholarship,Near East University,https://www.mastersportal.com/scholarships/10293/nl-scholarship.html,5,exact_duplicate_group;near_duplicate;parser_garbage
3da67cc6-4527-4e94-b4d7-14f3aa5b79b6,Chevening Scholarships,King's College London,https://www.mastersportal.com/scholarships/7946/chevening-scholarships.html,5,exact_duplicate_group;near_duplicate;parser_garbage
3e0a441c-93e7-4888-9268-577222251bc7,Sanctuary Scholarship,Canterbury Christ Church University,https://www.mastersportal.com/scholarships/9587/sanctuary-scholarship.html,5,exact_duplicate_group;near_duplicate;parser_garbage
492480f6-6421-4d14-9c32-cbc8cc7c7700,Chevening Scholarships,University of Bath,https://www.mastersportal.com/scholarships/1883/chevening-scholarships.html,5,exact_duplicate_group;near_duplicate;parser_garbage
49c6a8f9-b4d6-40af-a8f1-c1aa6800dbde,Music Scholarship,University of Leicester,https://www.mastersportal.com/scholarships/3935/music-scholarship.html,5,exact_duplicate_group;near_duplicate;parser_garbage
4d5be39d-daef-46bb-b108-7c676dc511b0,Amberscholar Scholarship,Amber Student,https://www.mastersportal.com/scholarships/8849/amberscholar-scholarship.html,5,exact_duplicate_group;near_duplicate;parser_garbage
5dd95ea3-6ed9-4635-94cb-dd3183fedfb2,"CouponBirds' ""Help to Save"" Scholarship",CouponBirds,https://www.iefa.org/scholarships/3460/CouponBirds'_%22Help_to_Save%22_Scholarship,5,anti_keywords;exact_duplicate_group;near_duplicate
61f5122c-09ea-4eaa-8b7d-0ea4ceef7e21,Sport Scholarships,Canterbury Christ Church University,https://www.mastersportal.com/scholarships/9572/sport-scholarships.html,5,exact_duplicate_group;near_duplicate;parser_garbage
64b98132-e9b9-4f54-bc89-a0847735902f,NL Scholarship,Radboud University,https://www.mastersportal.com/scholarships/11647/nl-scholarship.html,5,exact_duplicate_group;near_duplicate;parser_garbage
6532a9ec-b436-4a68-93f5-ac71154cd628,Sports Scholarships,Dundalk Institute of Technology,https://www.mastersportal.com/scholarships/10256/sports-scholarships.html,5,exact_duplicate_group;near_duplicate;parser_garbage
748ee3ed-a862-474b-b226-322f5607c335,Chevening Scholarships,"Birkbeck, University of London",https://www.mastersportal.com/scholarships/3197/chevening-scholarships.html,5,exact_duplicate_group;near_duplicate;parser_garbage
77ad2100-3368-4b5f-ac0d-6fca99d1f625,Vice Chancellor's International Scholarship,Griffith University,https://www.mastersportal.com/scholarships/8269/vice-chancellors-international-scholarship.html,5,exact_duplicate_group;near_duplicate;parser_garbage
7eaf699b-ac95-44f3-83cd-b421921d7176,Sanctuary Scholarship,University of Southampton,https://www.mastersportal.com/scholarships/9474/sanctuary-scholarship.html,5,exact_duplicate_group;near_duplicate;parser_garbage
7f5c75c5-0c1d-4568-a559-1f9715a74b08,Chevening Scholarships,University of Kent,https://www.mastersportal.com/scholarships/11185/chevening-scholarships.html,5,exact_duplicate_group;near_duplicate;parser_garbage
833adc37-2190-441b-b949-dfc10fc2d817,Chevening Scholarships,University of Salford,https://www.mastersportal.com/scholarships/2325/chevening-scholarships.html,5,exact_duplicate_group;near_duplicate;parser_garbage
84aeb811-b554-4752-83bc-e79be2e3ec5e,Vice-Chancellor's Scholarship,UWE Bristol (University of the West of England),https://www.mastersportal.com/scholarships/7809/vice-chancellors-scholarship.html,5,exact_duplicate_group;near_duplicate;parser_garbage
8599cf63-743d-485f-ab4e-bd97b27f0f41,School of Health & Psychological Sciences Dean's Scholarship for Academic and Clinical Excellence,"City St George's, University of London",https://www.mastersportal.com/scholarships/9403/school-of-health-psychological-sciences-deans-scholarship-for-academic-and-clinical-excellence.html,5,exact_duplicate_group;near_duplicate;parser_garbage
8c8bb946-4d52-49f9-9d21-740425434b1b,NL Scholarship,University of Twente (UT),https://www.mastersportal.com/scholarships/3540/nl-scholarship.html,5,exact_duplicate_group;near_duplicate;parser_garbage
9365cbd1-b3ef-4159-9a7f-5f7d38db92c3,Scholarship for degree and exchange study in Estonia,The Education and Youth Board,https://www.mastersportal.com/scholarships/8747/scholarship-for-degree-and-exchange-study-in-estonia.html,5,exact_duplicate_group;near_duplicate;parser_garbage
9e2ce08e-b8f4-434e-946f-309fbae148e0,Vice-Chancellor's Postgraduate International Scholarship,Cardiff University,https://www.mastersportal.com/scholarships/7921/vice-chancellors-postgraduate-international-scholarship.html,5,exact_duplicate_group;near_duplicate;parser_garbage
a05aafbd-4d6a-4178-aad4-c90b0123e1e0,Vice Chancellor's Postgraduate International Scholarship,University of Stirling,https://www.mastersportal.com/scholarships/1199/vice-chancellors-postgraduate-international-scholarship.html,5,exact_duplicate_group;near_duplicate;parser_garbage
a9bf9a90-499f-4bd7-8a9a-2a62b07f9136,"International Summer School, 2018",University of East Anglia Summer School,"https://www.iefa.org/scholarships/3065/International_Summer_School,_2018",5,anti_keywords;exact_duplicate_group;near_duplicate
ad35c98b-270d-4d7b-a81b-dd8ae01a7938,International Student Scholarships,Colorado State University,https://www.mastersportal.com/scholarships/778/international-student-scholarships.html,5,exact_duplicate_group;near_duplicate;parser_garbage
b1a1bbf3-3fd5-4595-ad39-3516f436bf29,NL Scholarship,University of Groningen,https://www.mastersportal.com/scholarships/1316/nl-scholarship.html,5,exact_duplicate_group;near_duplicate;parser_garbage
b2d8d938-a9a9-4cfa-9f4c-1e4287a1d777,International Masters Scholarship,Edith Cowan University,https://www.mastersportal.com/scholarships/10945/international-masters-scholarship.html,5,exact_duplicate_group;near_duplicate;parser_garbage
b982cf8f-cc8d-4c59-a798-d23944a02812,Global Excellence Scholarship,University College Dublin,https://www.mastersportal.com/scholarships/4159/global-excellence-scholarship.html,5,exact_duplicate_group;near_duplicate;parser_garbage
c4ba05c3-1a14-4eec-9dae-ff98f1e07218,NL Scholarship,"IHS, Institute for Housing and Urban Development Studies of Erasmus University Rotterdam",https://www.mastersportal.com/scholarships/8383/nl-scholarship.html,5,exact_duplicate_group;near_duplicate;parser_garbage
c6a73bbe-fa59-442d-b403-12269b6abaf8,Sports Scholarships,University of Leicester,https://www.mastersportal.com/scholarships/2750/sports-scholarships.html,5,exact_duplicate_group;near_duplicate;parser_garbage
cb04a78d-2bff-42a2-906b-ff98f63a2169,Chevening Scholarships,"Goldsmiths, University of London",https://www.mastersportal.com/scholarships/9682/chevening-scholarships.html,5,exact_duplicate_group;near_duplicate;parser_garbage
d12947bd-7a72-435e-bab8-d40317ae9615,Marshall Scholarship,London School of Economics and Political Science,https://www.mastersportal.com/scholarships/14134/marshall-scholarship.html,5,exact_duplicate_group;near_duplicate;parser_garbage
db18d46a-f494-4ea6-b6ec-a6feaa7a724c,Chevening Scholarship,University of Hertfordshire,https://www.mastersportal.com/scholarships/9554/chevening-scholarship.html,5,exact_duplicate_group;near_duplicate;parser_garbage
dbe03ad0-2e34-49de-a4b6-d81ca13b4a9c,Chevening Scholarships,The Association of Commonwealth Universities,https://www.mastersportal.com/scholarships/6769/chevening-scholarships.html,5,exact_duplicate_group;near_duplicate;parser_garbage
df99f7e5-11a0-40d8-a4f7-4a5cf63d1d12,Chevening Scholarship,The University for the Creative Arts,https://www.mastersportal.com/scholarships/14572/chevening-scholarship.html,5,exact_duplicate_group;near_duplicate;parser_garbage
e75c1381-e1cf-41aa-ae03-473281682cd7,Office of Special Education and Rehabilitative Services (OSERS): Rehabilitation Services Administration (RSA): Parent Information and Training Program ALN 84.235F,,https://wiki.simpler.grants.gov/,5,missing_provider;expired_deadline;exact_duplicate_group;parser_garbage
f00346ab-f87d-46f9-b4e9-e5da9b4d831a,British Chevening Scholarship,UWE Bristol (University of the West of England),https://www.mastersportal.com/scholarships/7787/british-chevening-scholarship.html,5,exact_duplicate_group;near_duplicate;parser_garbage
f8246610-59ff-4e22-9dc9-9e11a7dc1c5e,Vice-Chancellor’s Scholarship,Bangor University,https://www.mastersportal.com/scholarships/2905/vice-chancellors-scholarship.html,5,exact_duplicate_group;near_duplicate;parser_garbage
12944f52-b9f2-4ab5-97a8-558f8c69a704,Dr. Scott Greenberg Scholarship,Framingham State University,https://www.framingham.edu/admissions-aid/cost-aid/types-aid/scholarships,15,expired_deadline;anti_keywords;exact_duplicate_group
253536c3-decd-4f3c-830f-645c565d9297,ISL Midwest Senior Scholarship,Iowa Student Loan,https://bigfuture.collegeboard.org/scholarships/isl-midwest-senior-scholarship,15,expired_deadline;anti_keywords;exact_duplicate_group
6c53fb7c-0844-4725-a7c6-7ede01f94da5,James and Nan Farquhar Performing and Visual Arts Endowed Scholarship,Nova Southeastern University,https://www.nova.edu/sbin/report/scholarships/schlr-srch-params.cgi?category=Institutional&level=Undergraduate,15,expired_deadline;exact_duplicate_group;parser_garbage
adb1f915-3eed-40a8-bbc3-7121ca054e30,Lanford Family Highway Worker Memorial Scholarship Program,American Road and Transportation Builders Association,https://bigfuture.collegeboard.org/scholarships/lanford-family-highway-worker-memorial-scholarship-program,15,expired_deadline;anti_keywords;exact_duplicate_group
d047953b-fe65-4df8-bbd6-7909382e18db,Kevin Vaughan Memorial Scholarship,Massasoit Community College,https://massasoit.awardspring.com/Home/Scholarships,15,expired_deadline;anti_keywords;exact_duplicate_group
0a00ac56-a5b6-433e-afba-ec0b016fc7b8,Honors Program Scholarship,Framingham State University,https://bigfuture.collegeboard.org/scholarships/honors-program-scholarship,20,expired_deadline;exact_duplicate_group;near_duplicate
12e0195e-44d8-4789-a8db-d1ab881b1113,Alfred I. duPont Foundation Endowed Scholarship,University of North Florida,https://www.unf.edu/udae/awards/endowments.html,20,expired_deadline;exact_duplicate_group;near_duplicate
238043ad-c035-4197-a0e0-0288c4a9091f,Engineering Technology Scholarship,Midlands Technical College,https://bigfuture.collegeboard.org/scholarships/engineering-technology-scholarship,20,expired_deadline;exact_duplicate_group;near_duplicate
2c681de9-39e8-4c95-a72f-6475e3385f23,Alumni Engagement Innovation Fund 2026,,https://wiki.simpler.grants.gov/,20,missing_provider;exact_duplicate_group;parser_garbage
380d4469-c5e2-4efb-b2a7-7345d49eab92,The Hundred Club of Broward County Endowed Scholarship,University of North Florida,https://www.unf.edu/udae/awards/endowments.html,20,expired_deadline;exact_duplicate_group;near_duplicate
4ab27c51-b0c5-4def-9635-186b8d4ce662,Charles E. & Frances M. Osterman Memorial Scholarship,Florida Gateway College,https://www.fgc.edu/tuition-financial-aid/available-financial-aid/foundation-scholarships.html,20,expired_deadline;exact_duplicate_group;near_duplicate
51fa6c93-c75e-4905-b411-cd9735359368,Hundred Club of Broward County Endowed Scholarship,University of Central Florida,https://bigfuture.collegeboard.org/scholarships/hundred-club-of-broward-county-endowed-scholarship,20,expired_deadline;exact_duplicate_group;near_duplicate
546467a0-c63a-4e17-a2ef-b7288c3bea96,Wells Fargo Endowed Scholarship,University of North Florida,https://www.unf.edu/udae/awards/endowments.html,20,expired_deadline;exact_duplicate_group;near_duplicate
5c6959c0-df7a-421f-9920-7be32adf9624,GyanDhan Scholarship,GyanDhan,https://www.iefa.org/scholarships/3705/GyanDhan_Scholarship,20,missing_deadline;anti_keywords;exact_duplicate_group
5c8cfd3c-fe4f-44ff-9b8f-f5760867668e,Office of Special Education and Rehabilitative Services (OSERS): Rehabilitation Services Administration (RSA): Training of Interpreters for Individuals Who Are Deaf or Hard of Hearing and Individuals Who Are DeafBlind; Assistance Listing Number 84.160D,,https://wiki.simpler.grants.gov/,20,missing_provider;exact_duplicate_group;parser_garbage
64bc0f2b-2014-41a4-9e29-3f6ee8c30d42,Midland States Bank Scholarship,Waubonsee Community College,https://bigfuture.collegeboard.org/scholarships/midland-states-bank-scholarship,20,expired_deadline;exact_duplicate_group;near_duplicate
6a9d3b9d-7963-429a-a2a4-7e07e12d0fc5,Charles E. and Frances M. Osterman Scholarship,University of Massachusetts Amherst,https://umass.academicworks.com/opportunities,20,expired_deadline;exact_duplicate_group;near_duplicate
853daea4-dd3b-4a31-ad6c-d44c8a7596ac,San Diego County Farm Bureau Scholarship,Farm Bureau of San Diego County,https://bigfuture.collegeboard.org/scholarships/san-diego-county-farm-bureau-scholarship,20,expired_deadline;exact_duplicate_group;near_duplicate
96730efb-9cdc-42da-b695-0d0d901e8195,Transfer Scholarship,Framingham State University,https://bigfuture.collegeboard.org/scholarships/transfer-scholarship,20,expired_deadline;exact_duplicate_group;near_duplicate
9f92be95-561a-4104-8e1b-851193ae3f2c,Idaho Golf Course Superintendents Association Legacy Scholarship,Idaho Golf Course Superintendents Association,https://www.idahogcsa.org/scholarship-opportunities,20,expired_deadline;exact_duplicate_group;near_duplicate
a661d0e5-61e1-41e2-be3b-8706de406d87,Performing Arts Scholarship,Waubonsee Community College,https://bigfuture.collegeboard.org/scholarships/performing-arts-scholarship-waubonsee-community-college,20,expired_deadline;exact_duplicate_group;near_duplicate
c4a0f992-3c95-4eb1-be51-c98ea1b800fb,NCCF Survivor Scholarship Eligibility and Deadline,,https://www.scholarships.com/scholarships/nccf-survivor-scholarship,20,missing_provider;anti_keywords;exact_duplicate_group
c80cf082-937c-4af4-a5ed-9d7331966fd5,"Dr. James T. Anderson and John F. Root, Jr. Scholarship",Community Foundation of Eastern Connecticut,https://bigfuture.collegeboard.org/scholarships/dr-james-t-anderson-and-john-f-root-jr-scholarship,20,expired_deadline;exact_duplicate_group;near_duplicate
da1ef44b-f2b0-4a5e-9c7c-e3b5611a7b75,"Dr. James T. Anderson and John F. Root, Jr. Scholarship",Community Foundation of Eastern Connecticut,https://cfect.org/scholarships/scholarship-opportunities,20,expired_deadline;exact_duplicate_group;near_duplicate
e15f658b-2f14-4e06-a8b6-c22eac750e4d,Psychology Scholarship,Kankakee Community College Foundation,https://bigfuture.collegeboard.org/scholarships/psychology-scholarship,20,expired_deadline;exact_duplicate_group;near_duplicate
e6ed5559-6075-47e3-b36a-e573b1d04e49,Presidential Scholarship,Framingham State University,https://bigfuture.collegeboard.org/scholarships/presidential-scholarship-framingham-state-university,20,expired_deadline;exact_duplicate_group;near_duplicate
ed79bf49-6ac0-472e-b1b4-0751e3780eb2,Class of 1954 Scholarship,Framingham State University,https://bigfuture.collegeboard.org/scholarships/class-of-1954-scholarship,20,expired_deadline;exact_duplicate_group;near_duplicate
f2494ef7-3788-493c-b818-ff079fb02031,Idaho Golf Course Superintendents Association Turf Scholarship,Idaho Golf Course Superintendents Association,https://www.idahogcsa.org/scholarship-opportunities,20,expired_deadline;exact_duplicate_group;near_duplicate
f29b526d-d099-46d0-86db-4e7e8d7ab007,San Diego County Farm Bureau Scholarship,San Diego County Farm Bureau Federation,https://bigfuture.collegeboard.org/scholarships/san-diego-county-farm-bureau-scholarship-san-diego-county-farm-bureau-federation,20,expired_deadline;exact_duplicate_group;near_duplicate
7d14071f-33bc-489a-b254-1f22baf75aa8,CouponBirds Help To Save Scholarship,CouponBirds,https://www.iefa.org/scholarships/3209/CouponBirds_Help_To_Save_Scholarship,25,missing_deadline;exact_duplicate_group;near_duplicate
022e5542-c66d-4f93-8434-8b18fe8bb086,Greater New York Chapter WTS Community/Technical College Scholarship,WTS International-Greater New York Chapter,https://www.wtsinternational.org/chapters/greater-new-york/scholarships,30,anti_keywords;exact_duplicate_group
050b4c9a-3080-48f0-aeb6-cf94c9807b19,Adult Education Scholarship,Northeast Community College,https://northeast.edu/costs-aid/scholarships/general,30,anti_keywords;exact_duplicate_group
06f907aa-ffe3-4dfe-bdb4-cf9cd9081129,Nan C. & Mark Hillis Scholarship,Tallahassee State College,https://tscfl.scholarships.ngwebsolutions.com/Scholarships/Search,30,exact_duplicate_group;parser_garbage
0ad12e63-f988-4177-b6ed-a4bc5684bb57,Professional Bodies Bursary at Heriot-Watt University Malaysia 2026,"Heriot-Watt University, Malaysia",https://www.hw.ac.uk/malaysia/study/scholarships/discounts-and-bursaries.htm,30,anti_keywords;exact_duplicate_group
0b092e21-5a9a-4c19-a8aa-abd661d43c04,For A Bright Future Scholarship Programs,Unigo listing,https://www.unigo.com/scholarships/by-major/cybersecurity-scholarships/for-a-bright-future-scholarship-programs,30,anti_keywords;exact_duplicate_group
0b66953f-2b73-4b68-a900-02cab652aaa7,Bishop John Bryson Chane Scholarship for Social Justice,Unigo listing,https://www.unigo.com/scholarships/high-school-students/scholarships-for-high-school-seniors/bishop-john-bryson-chane-scholarship-for-social-justice,30,anti_keywords;exact_duplicate_group
0cc89128-b60f-4b32-aad2-f1970d69a11e,MPOWER Global Citizen Scholarship,MPOWER Financing,https://www.mastersportal.com/scholarships/14162/mpower-global-citizen-scholarship.html,30,exact_duplicate_group;parser_garbage
0dccabf6-57fe-499d-8cff-68443e93dfc6,William W. Weil Good Citizen Scholarship - Adult Education,Community Foundation of Hancock County,https://givehcgrowhc.org/adult-education,30,anti_keywords;exact_duplicate_group
1602ae4a-c33d-4f4e-a91e-efc6323afc1f,MPOWER MBA Scholarship,MPOWER Financing,https://www.mastersportal.com/scholarships/14164/mpower-mba-scholarship.html,30,exact_duplicate_group;parser_garbage
17412e79-6f64-4c21-85db-5e6f1448a134,MAP Scholarship,Unigo listing,https://www.unigo.com/scholarships/high-school-students/scholarships-for-high-school-juniors/map-scholarship,30,anti_keywords;exact_duplicate_group
1bcb52f0-0729-49d3-8ff6-639054f7dba7,Florida Rentals Annual Dream Vacation Scholarship,Florida Rentals,https://www.mastersportal.com/scholarships/6958/florida-rentals-annual-dream-vacation-scholarship.html,30,exact_duplicate_group;parser_garbage
1e9d07b6-aee6-4b93-902c-65131c0a51e7,Heriot-Watt Family Discount at Heriot-Watt University Malaysia 2026,"Heriot-Watt University, Malaysia",https://www.hw.ac.uk/malaysia/study/scholarships/discounts-and-bursaries.htm,30,anti_keywords;exact_duplicate_group
24c06102-3b3a-48cb-87cd-dc21dc327e6e,JCAE GED Scholarship,Johnson County Community College,https://www.jccc.edu/admissions/financial-aid/aid-types/scholarships,30,anti_keywords;exact_duplicate_group
2679b5d3-34ff-44ae-9568-171f6db601a6,"$10,000 ""No Essay"" Scholarship",Scholarships360,https://app.scholarships360.org/?status=student,30,anti_keywords;exact_duplicate_group
2791bfa6-2a41-494d-87cb-35313e74681f,SILA Post-Secondary College Scholarship,Securities and Insurance Licensing Association,https://bigfuture.collegeboard.org/scholarships/sila-post-secondary-college-scholarship,30,anti_keywords;exact_duplicate_group
2a710a9a-c718-44b8-afcc-26f9cf54dcea,John L. Dales Transitional Scholarship,Screen Actors Guild-American Federation of Television and Radio Artists,https://www.sagaftra.foundation/assistance/scholarship-programs/application,30,anti_keywords;exact_duplicate_group
2b743f72-2cc4-4957-98d2-3b820fcaea9e,GED Graduates Scholarship,Johnson County Community College,https://www.jccc.edu/admissions/financial-aid/aid-types/scholarships,30,anti_keywords;exact_duplicate_group
2fb7395e-c183-46bd-833c-2ee7a575e4f7,Ruth St. John Adult Education Scholarship,The Education Foundation of Gilchrist County,https://www.gilchristeducationfoundation.org/adult,30,anti_keywords;exact_duplicate_group
3059819e-b82d-4d83-8abd-24a94197ae74,Nan and Leon Gundersheimer Endowed Scholarship for Educators,Pensacola State College,https://pensacolastate.scholarships.ngwebsolutions.com/Scholarships/Search,30,exact_duplicate_group;parser_garbage
308b35d4-9a86-4054-a6f2-838e3d163f8f,Leon Bradley Scholarship,Unigo listing,https://www.unigo.com/scholarships/scholarships-for-black-students/african-american-scholarships/leon-bradley-scholarship,30,anti_keywords;exact_duplicate_group
328e4659-8330-42d8-902b-a6e07a490f36,Alaska Education Grant,Unigo listing,https://www.unigo.com/scholarships/grants-for-college/grants/alaska-education-grant,30,anti_keywords;exact_duplicate_group
34b7d6a7-5675-4eea-8671-0c103fd65fe2,Keisha Bodden Scholarship,Unigo listing,https://www.unigo.com/scholarships/high-school-students/scholarships-for-high-school-seniors/keisha-bodden-scholarship,30,anti_keywords;exact_duplicate_group
350ef1e9-c8c7-48de-87ce-df137e7e1a96,Sharon S. Morette Endowed Scholarship,Pensacola State College,https://pensacolastate.scholarships.ngwebsolutions.com/Scholarships/Search,30,anti_keywords;exact_duplicate_group
352636d9-9f62-4b4e-83fa-ed30b067a684,Education Foundation of Gilchrist County Adult Education Scholarship,The Education Foundation of Gilchrist County,https://www.gilchristeducationfoundation.org/adult,30,anti_keywords;exact_duplicate_group
3676d65b-6900-47d0-a987-fd6ac63c0d5b,ACTFL Future Teacher Scholarship Program,Unigo listing,https://www.unigo.com/scholarships/high-school-students/scholarships-for-high-school-seniors/actfl-future-teacher-scholarship-program,30,anti_keywords;exact_duplicate_group
3d9610e6-49b9-4d8d-abd5-78b490231d5c,Calhoun County Job Training Scholarship,Chipola College,https://chipola.academicworks.com/,30,anti_keywords;exact_duplicate_group
4191182c-2d63-44e9-bd10-9488ee2767aa,"Officer Donald B. Gamblin, Jr. Law Enforcement Scholarship",Johnson County Community College,https://www.jccc.edu/admissions/financial-aid/aid-types/scholarships,30,anti_keywords;exact_duplicate_group
41ad4146-9cdd-4cec-9f9b-179504d35e42,BrandSource Scholarship (Foster Love – Together We Rise),Unigo listing,https://www.unigo.com/scholarships/by-major/real-estate-scholarships/brandsource-scholarship-foster-love-together-we-rise-2,30,anti_keywords;exact_duplicate_group
43e6e4ff-5734-49a4-9406-461256093640,Dr. Iliana Mankin First Generation Student Endowed Book  Scholarship,Stetson University,https://www.stetson.edu/administration/financial-aid/scholarships,30,anti_keywords;exact_duplicate_group
479ae001-1d2e-4981-b2e8-c4fabec3c943,Schwarzman Scholars Program at Tsinghua University,Tsinghua University,https://www.scholars4dev.com/15830/schwarzman-scholars-program-at-tsinghua-university,30,anti_keywords;exact_duplicate_group
481b95f2-28e1-4009-86ef-3b5c26aa56e3,Eddy and Jeanny Berges Family Endowed Graduate Scholarship,University of South Florida,https://www.mastersportal.com/scholarships/13894/eddy-and-jeanny-berges-family-endowed-graduate-scholarship.html,30,exact_duplicate_group;parser_garbage
493604f3-6ae2-491e-9295-bbce785855f0,Adult Student Grant,Indiana Commission for Higher Education,https://bigfuture.collegeboard.org/scholarships/adult-student-grant,30,anti_keywords;exact_duplicate_group
4b449aee-209f-474a-aedd-7970e80f5f69,American Public Transportation Foundation Scholarship,University of Southern California,https://www.mastersportal.com/scholarships/13407/american-public-transportation-foundation-scholarship.html,30,exact_duplicate_group;parser_garbage
4c5a8efe-896b-4cb0-8f15-c498db14e318,New England Community Scholarship,Unigo listing,https://www.unigo.com/scholarships/high-school-students/scholarships-for-high-school-seniors/new-england-community-scholarship,30,anti_keywords;exact_duplicate_group
4cdf047e-4aca-412e-9ba2-51b6af46cbcf,Florida North Central Chapter of RIMS Scholarship,Stetson University,https://www.stetson.edu/administration/financial-aid/scholarships,30,anti_keywords;exact_duplicate_group
4d3c57e7-d59c-473c-be46-e565f7c4a191,Greater New York Chapter WTS Transportation YOU High School Scholarship,WTS International-Greater New York Chapter,https://www.wtsinternational.org/chapters/greater-new-york/scholarships,30,anti_keywords;exact_duplicate_group
4ff3b6cb-81a8-4da3-a9fc-c498d99d8b64,John L. Dales Standard Scholarship,Screen Actors Guild-American Federation of Television and Radio Artists,https://www.sagaftra.foundation/assistance/scholarship-programs/application,30,anti_keywords;exact_duplicate_group
501aff61-7513-4715-a6f9-4a5967432f6b,College JumpStart Love of Learning Scholarship,College JumpStart,https://app.scholarships360.org/?status=student,30,anti_keywords;exact_duplicate_group
5156de75-a3b0-4f53-99db-4b4bb3a734c9,Entrepreneurship Scholarship at SRH 2026,SRH Berlin University of Applied Sciences or SRH Hochschule Berlin,https://www.srh-berlin.de/en/study-at-srh/financing-your-studies,30,anti_keywords;exact_duplicate_group
5214ece8-1ffc-406c-96c5-3d0c261fa6db,Mark DeGraff and Lula Hamilton DeGraff Research Loan Scholarship…,Florida State University,https://fsu.academicworks.com/opportunities,30,anti_keywords;exact_duplicate_group
52a20522-fc0b-4f00-84ef-5ea529f01f98,ERP Study Scholarships for Graduates of Economics and Business Administration,DAAD,https://www.mastersportal.com/scholarships/4030/erp-study-scholarships-for-graduates-of-economics-and-business-administration.html,30,exact_duplicate_group;parser_garbage
54aab38d-060a-4567-a234-ce5b3002b978,Kansas Teacher Service Scholarship,Unigo listing,https://www.unigo.com/scholarships/by-major/math-scholarships/kansas-teacher-service-scholarship,30,anti_keywords;exact_duplicate_group
5646fb1c-6ed1-42f9-8b87-60619074c328,Morgan-Sanders Endowed Scholarship,Kansas State Nurses Association,https://www.ksnurses.com/kansas-nurses-foundation,30,anti_keywords;exact_duplicate_group
590a9f6d-a7cc-4181-8b2e-202c4ba2b378,Benjamin A. Gilman International Scholarship,London South Bank University,https://www.mastersportal.com/scholarships/1639/benjamin-a-gilman-international-scholarship.html,30,exact_duplicate_group;parser_garbage
59b05269-3d99-49bc-be33-761ab92b435a,Lisa Michelle Memorial Fund Scholarship,Unigo listing,https://www.unigo.com/scholarships/high-school-students/scholarships-for-high-school-seniors/lisa-michelle-memorial-fund-scholarship,30,anti_keywords;exact_duplicate_group
5b86e558-7244-45a1-a9c3-a584e5cd4f09,Sustainability Scholarship,finduddannelse.dk,https://www.iefa.org/scholarships/3528/Sustainability_Scholarship,30,anti_keywords;exact_duplicate_group
5ddcb9fa-b568-48f1-b82c-cbab349456a7,Rural Health Scholarship,Texas Tech University Health Sciences Center,https://www.mastersportal.com/scholarships/5091/rural-health-scholarship.html,30,exact_duplicate_group;parser_garbage
5e34ce49-f8c7-4376-a67b-a0d476e3409b,Marianna Area - Buffalo Soldiers Scholarship Honoring Trooper’s Tonya Hill & Devaunte Patterson,Chipola College,https://chipola.academicworks.com/,30,anti_keywords;exact_duplicate_group
5f3b6ccc-bb55-43bd-b403-5405684dccca,SBW Berlin Scholarship,SBW Berlin gGmbH (non-profit limited liability company),https://www.iefa.org/scholarships/3519/SBW_Berlin_Scholarship,30,anti_keywords;exact_duplicate_group
603969cf-e3b3-4e73-8b3e-b51af103c471,Brian Terry Scholarship,Unigo listing,https://www.unigo.com/scholarships/high-school-students/scholarships-for-high-school-seniors/brian-terry-scholarship,30,anti_keywords;exact_duplicate_group
641856ea-7948-4e9f-b2b5-a72b9b7c5384,Family Therapy Adult Learner Endowed Scholarship,Nova Southeastern University,https://www.nova.edu/sbin/report/scholarships/schlr-srch-params.cgi?category=Institutional&level=Graduate,30,anti_keywords;exact_duplicate_group
65ac3a34-cea1-4846-8b44-4aada11bcabc,University of Auckland International Student Excellence Scholarship,University of Auckland,https://www.mastersportal.com/scholarships/3534/university-of-auckland-international-student-excellence-scholarship.html,30,exact_duplicate_group;parser_garbage
65c21605-26bb-42c2-ab44-10bbc8f9adaa,Phi Delta Kappa Scholarship,Johnson County Community College,https://www.jccc.edu/admissions/financial-aid/aid-types/scholarships,30,anti_keywords;exact_duplicate_group
676420eb-daa1-4471-9c1c-e4e92632d454,Foster Love American Industries Scholarship,Unigo listing,https://www.unigo.com/scholarships/high-school-students/scholarships-for-high-school-seniors/foster-love-american-industries-scholarship,30,anti_keywords;exact_duplicate_group
67afae10-5715-4094-b50a-c2907169168b,Liberty County Job Training Scholarship,Chipola College,https://chipola.academicworks.com/,30,anti_keywords;exact_duplicate_group
67b9195c-a73a-42df-b528-6d3c0a35038d,NCI Masters Edge Scholarship 2026,National College Of Ireland (NCI),https://www.ncirl.ie/Scholarships,30,anti_keywords;exact_duplicate_group
680ce425-450a-4f38-8505-6632fb33113e,The Goldie Initiative Scholarship Application,Unigo listing,https://www.unigo.com/scholarships/by-major/real-estate-scholarships/the-goldie-initiative-scholarship-application,30,anti_keywords;exact_duplicate_group
6c583db1-a881-4a23-9017-803db4d00980,Alumni Scholarship,University of Dundee,https://www.mastersportal.com/scholarships/1841/alumni-scholarship.html,30,exact_duplicate_group;parser_garbage
6e0ff3f8-3cea-4ee1-af5e-8d36f66fa78c,Siblings and Spouses Scholarships at University of Europe for Applied Sciences 2026,"University of Europe for Applied Sciences, Germany",https://www.ue-germany.com/study-with-us/fees-and-finance/ue-scholarships,30,anti_keywords;exact_duplicate_group
7054f1c5-10f3-469c-b479-ae5d4b83f7e0,Theresa Gail May Scholarship,Pensacola State College,https://pensacolastate.scholarships.ngwebsolutions.com/Scholarships/Search,30,anti_keywords;exact_duplicate_group
707ace16-ac2f-48d5-8ee9-4c72ad05ab66,Bank of America Scholarship,Unigo listing,https://www.unigo.com/scholarships/high-school-students/scholarships-for-high-school-seniors/bank-of-america-scholarship,30,anti_keywords;exact_duplicate_group
721829c5-893b-4f1c-adf1-e54489afdfd4,Irene Adler Prize,Unigo listing,https://www.unigo.com/scholarships/high-school-students/scholarships-for-high-school-seniors/irene-adler-prize,30,anti_keywords;exact_duplicate_group
7561d25b-0160-464a-8c00-660fd244785a,ERP Study Scholarships for Graduates of Economics and Business Administration,DAAD,https://www2.daad.de/deutschland/stipendium/datenbank/en/21148-scholarship-database?detail=50015171,30,anti_keywords;exact_duplicate_group
79508530-4afe-46d6-b78f-a140fb1973fc,Study a Master's in Europe Scholarship,educations.com,https://www.mastersportal.com/scholarships/8721/study-a-masters-in-europe-scholarship.html,30,exact_duplicate_group;parser_garbage
79b8bd96-c92f-4526-bde7-13c767eb3dba,Delete Cyberbullying Mental Health Awareness Scholarship,Delete Cyberbullying,https://www.mastersportal.com/scholarships/6806/delete-cyberbullying-mental-health-awareness-scholarship.html,30,exact_duplicate_group;parser_garbage
7a0755ba-b2f3-45b9-bdeb-c05a5f00b0c6,Cameron Impact Scholarship,Unigo listing,https://www.unigo.com/scholarships/high-school-students/scholarships-for-high-school-seniors/cameron-impact-scholarship,30,anti_keywords;exact_duplicate_group
7a0be740-e39f-4395-82bc-aa999384a61d,Women in STEM Scholarship,MPOWER Financing,https://www.mastersportal.com/scholarships/14163/women-in-stem-scholarship.html,30,exact_duplicate_group;parser_garbage
7ab258f8-f507-4a0d-ac08-1b4345d391f5,Greater New York Chapter WTS Molitoris Undergraduate Leadership Scholarship,WTS International-Greater New York Chapter,https://www.wtsinternational.org/chapters/greater-new-york/scholarships,30,anti_keywords;exact_duplicate_group
7c3d28ef-b8f7-4734-9025-3837fb126aef,International Community Scholarship (Postgraduate) at Aston University 2026,"Aston University, Birmingham",https://www.aston.ac.uk/international/scholarships,30,anti_keywords;exact_duplicate_group
7f58a469-34b8-49b3-9c89-75ae9e7c9ea1,Creative Arts Scholarship,For a Bright Future Foundation,https://www.mastersportal.com/scholarships/8932/creative-arts-scholarship.html,30,exact_duplicate_group;parser_garbage
82dfc4a9-6c8e-4651-a1a2-d0fa51a01707,Mary A. Beatty Scholarship,Johnson County Community College,https://www.jccc.edu/admissions/financial-aid/aid-types/scholarships,30,anti_keywords;exact_duplicate_group
84a9b91d-807c-4295-ad3a-0502818377ee,Bob Collins Memorial Scholarship,Chipola College,https://chipola.academicworks.com/,30,anti_keywords;exact_duplicate_group
86fe8678-656d-426a-b351-dc16481bacdd,"""Mom to Scholar"" Scholarship for Mothers",Maria Geiger,https://app.scholarships360.org/?status=student,30,anti_keywords;exact_duplicate_group
88a18278-e9a1-439f-b1d6-518bfb31c532,MadeByMe Scholarship,Questa Education Foundation,https://www.questafoundation.org/scholarships,30,anti_keywords;exact_duplicate_group
8a6b444a-dd89-4d55-8fb2-d13581a1b261,Roger A. Giannini Memorial Scholarship,Southwestern Illinois College Foundation,https://swic.awardspring.com/Home/Scholarships,30,anti_keywords;exact_duplicate_group
8e5a8fb0-b54c-48e9-b47b-563af28fadb0,Performance Scholarship at SRH 2026,SRH Berlin University of Applied Sciences or SRH Hochschule Berlin,https://www.srh-berlin.de/en/study-at-srh/financing-your-studies,30,anti_keywords;exact_duplicate_group
96fc36d4-216f-45d9-af37-3cb92ea08c77,Clyde and Sarah Flowers Endowed Scholarship,Stetson University,https://www.stetson.edu/administration/financial-aid/scholarships,30,anti_keywords;exact_duplicate_group
99767266-6dc9-4546-8f40-b1aff8bc56f5,JCAE GED Honors Scholarship,Johnson County Community College,https://www.jccc.edu/admissions/financial-aid/aid-types/scholarships,30,anti_keywords;exact_duplicate_group
9ec88b26-9c1e-47eb-aeee-f690165ca1ca,Jim Sanders Media And Leadership Scholarship,California State University Fullerton,https://www.mastersportal.com/scholarships/5164/jim-sanders-media-and-leadership-scholarship.html,30,exact_duplicate_group;parser_garbage
9ef89b1f-a1fe-4356-8e49-670355f5b597,Larry Mills GED Graduates Scholarship,Johnson County Community College,https://www.jccc.edu/admissions/financial-aid/aid-types/scholarships,30,anti_keywords;exact_duplicate_group
a3d6ef95-3b4a-4f34-814f-abc85c9a258e,International Community Scholarship (Undergraduate) at Aston University 2026,"Aston University, Birmingham",https://www.aston.ac.uk/international/scholarships,30,anti_keywords;exact_duplicate_group
a66e4902-9c5c-4884-bba7-d108a0bf28ab,"Ascend, Monsanto, and Solutia Endowed Scholarship",Pensacola State College,https://pensacolastate.scholarships.ngwebsolutions.com/Scholarships/Search,30,anti_keywords;exact_duplicate_group
a724ee8a-c015-4dbf-a869-28aaee8dab5e,Genesis Healthcare Foundation Scholarships,Unigo listing,https://www.unigo.com/scholarships/by-major/public-health-scholarships/genesis-healthcare-foundation-scholarships,30,anti_keywords;exact_duplicate_group
a8206089-20f3-4449-85ef-68535faa4101,MBA Scholarship Stockholm,Stockholm School of Economics,https://www.mastersportal.com/scholarships/6842/mba-scholarship-stockholm.html,30,exact_duplicate_group;parser_garbage
a91b827e-74bb-4660-8fbe-72cb265727ef,"CouponBirds ""Help to Save"" Scholarship",CouponBirds,https://www.mastersportal.com/scholarships/4663/couponbirds-help-to-save-scholarship.html,30,exact_duplicate_group;parser_garbage
aaa5c58c-5c95-42cf-8375-4378808748b9,The AW Bridal Scholarship,AW Bridal,https://www.mastersportal.com/scholarships/6743/the-aw-bridal-scholarship.html,30,exact_duplicate_group;parser_garbage
aae687a3-b5c0-4d1b-b5a8-d2324f4d637c,Adult Student Grant,Indiana Commission for Higher Education,https://app.scholarships360.org/?status=student,30,anti_keywords;exact_duplicate_group
ad38f4c7-0394-4c29-85be-005f2c58fd28,Central Florida CPCU Society Scholarship,Seminole State College of Florida,https://seminolestate.academicworks.com/opportunities?utf8=%E2%9C%93&term=,30,anti_keywords;exact_duplicate_group
b41da0ea-4f0b-4e65-9ef3-d305636457f8,King’s College London PhD Studentship on Justice and Energy Transitions with Emphasis on Critical Minerals 2026/2027,Opportunity Desk,https://www.youtube.com/c/OpportunityDeskforyou,30,anti_keywords;exact_duplicate_group
b4f452ff-dc7b-438d-bc4e-0b10d16066dd,1st Formations Business Scholarship,1st Formations,https://www.mastersportal.com/scholarships/7309/1st-formations-business-scholarship.html,30,exact_duplicate_group;parser_garbage
bbce9664-eb19-44b4-81a7-412bec1e86dc,Music for Youth Foundation Awards,Unigo listing,https://www.unigo.com/scholarships/high-school-students/scholarships-for-high-school-seniors/music-for-youth-foundation-awards,30,anti_keywords;exact_duplicate_group
c415f75d-d0a5-4c42-a845-d9b095834c90,Alice Husisian Mayer Endowed Scholarship,Loyola University Chicago,https://luc.academicworks.com/,30,anti_keywords;exact_duplicate_group
c42be2e2-7476-456d-a41b-09b84a785abd,JCAE Advancing Newcomer Careers Scholarship,Johnson County Community College,https://www.jccc.edu/admissions/financial-aid/aid-types/scholarships,30,anti_keywords;exact_duplicate_group
c6b640bd-12d2-456c-a250-62f868348c3b,ifa Scholarship on the Management of Cultural Heritage & the Transformation of Museums and Exhibition Centres 2026,Opportunity Desk,https://www.youtube.com/c/OpportunityDeskforyou,30,anti_keywords;exact_duplicate_group
c8dfc1a7-690d-47a5-a3a9-0295f3326982,Wilford And Thelma Deason Memorial Scholarship,Chipola College,https://chipola.academicworks.com/,30,anti_keywords;exact_duplicate_group
ca286138-8d33-4510-877f-9cd643e89536,"Michael & Phyllis Johnson, State Farm Insurance Scholarship",University of West Florida,https://uwf.academicworks.com/opportunities,30,anti_keywords;exact_duplicate_group
cd974c6e-7573-4486-a0a2-78ce21ff271a,Sharon D. Banks Memorial / GNY: Susan Miszkowicz Memorial Undergraduate Scholarship,WTS International-Greater New York Chapter,https://www.wtsinternational.org/chapters/greater-new-york/scholarships,30,anti_keywords;exact_duplicate_group
cdc3e325-cada-4f17-95b9-3215b32bcb1d,Bayar Fellowship,Unigo listing,https://www.unigo.com/scholarships/merit-based/merit-scholarships/the-bayar-fellowship,30,anti_keywords;exact_duplicate_group
d174678e-c0d2-4d8d-93c0-08e54eac9ef2,Arabian Horse Association Region 4 Adult Scholarship,Arabian Horse Association-Region 4,https://bigfuture.collegeboard.org/scholarships/arabian-horse-association-region-4-adult-scholarship,30,expired_deadline;anti_keywords;near_duplicate
dc6469db-d26e-453b-9cfa-69a04b089cc1,Mainline Information Systems Scholarship - Workforce,Tallahassee State College,https://tscfl.scholarships.ngwebsolutions.com/Scholarships/Search,30,anti_keywords;exact_duplicate_group
de2de983-3a54-465c-adb3-94cc7cafb9bb,Dr. James E. Grant Endowed Scholarship,Pensacola State College,https://pensacolastate.scholarships.ngwebsolutions.com/Scholarships/Search,30,anti_keywords;exact_duplicate_group
e1ef0279-a097-44cf-a3ac-5dcb078c8f99,"""Love of Learning"" YouTube Scholarship",Scholarships360,https://app.scholarships360.org/?status=student,30,exact_duplicate_group;parser_garbage
e323d505-d37a-445e-a02c-a68471206e96,Adult Tuition Assistance Grant Program,Universal Technical Institute,https://www.uti.edu/financial-aid/scholarships-grants,30,anti_keywords;exact_duplicate_group
e94e59e7-9880-48a7-8599-b63c9057d693,James E. Roberts Engineering Scholarship,California Department of Transportation,https://dot.ca.gov/programs/human-resources/talent-acquisition-recruitment/scholarships,30,anti_keywords;exact_duplicate_group
eabce8ab-e8de-4f9f-83a9-f50db9031266,"€1,000 Discount Scheme (NCI students or Alumni) at National College of Ireland 2026",National College Of Ireland (NCI),https://www.ncirl.ie/Scholarships,30,anti_keywords;exact_duplicate_group
f23ab4a9-d65e-49e4-a836-7bda7b1371f7,Adult Re-Education Scholarship,Community Foundation of Hancock County,https://givehcgrowhc.org/adult-education,30,anti_keywords;exact_duplicate_group
f2f5230a-2856-4881-92a9-a8e707a66e39,MIT - Zaragoza Dual Degree Scholarships,Zaragoza Logistics Center (ZLC),https://www.mastersportal.com/scholarships/8422/mit-zaragoza-dual-degree-scholarships.html,30,exact_duplicate_group;parser_garbage
f8a8df30-6718-495a-a943-a3a7aa1c2c46,Schwarzman Scholars Program at Tsinghua University,Tsinghua University,https://www.mastersportal.com/scholarships/289/schwarzman-scholars-program-at-tsinghua-university.html,30,exact_duplicate_group;parser_garbage
fb86c088-9687-4282-a4ec-03832e794284,Alaska Housing Finance Corporation Tuition Assistance,Alaska Housing Finance Corporation,https://bigfuture.collegeboard.org/scholarships/alaska-housing-finance-corporation-tuition-assistance,30,anti_keywords;exact_duplicate_group
fbc53329-4640-4ed9-a834-13f59c5a8d88,Heriot-Watt Alumni Discount at Heriot-Watt University Malaysia 2026,"Heriot-Watt University, Malaysia",https://www.hw.ac.uk/malaysia/study/scholarships/discounts-and-bursaries.htm,30,anti_keywords;exact_duplicate_group
fd52e853-9667-42df-ae97-20a89814f132,Pathways To Success Scholarship,Tallahassee State College,https://tscfl.scholarships.ngwebsolutions.com/Scholarships/Search,30,anti_keywords;exact_duplicate_group
02c1b63f-ce0e-492e-91d0-0b86ee419c1a,Music Scholarship,Tarleton State University,https://tarleton.scholarships.ngwebsolutions.com/Scholarships/Search,35,exact_duplicate_group;near_duplicate
0836997b-6d85-4dd8-861e-264d4dbd5c76,M.S. & Meek Lane Doss Scholarship,Tarleton State University,https://tarleton.scholarships.ngwebsolutions.com/Scholarships/Search,35,exact_duplicate_group;near_duplicate
0a068114-f7fc-48e0-8cef-691c67309dbe,The Lubrizol Foundation Scholarship,San Jacinto College,https://sjcd.academicworks.com/opportunities/20360,35,exact_duplicate_group;near_duplicate
0b0b506e-cc03-43c1-8b34-f7ca7fca2532,College of Arts & Sciences Scholarship,Stetson University,https://www.stetson.edu/administration/financial-aid/scholarships,35,exact_duplicate_group;near_duplicate
0c89f83d-14c9-40eb-b5e9-babf50ff887f,Florida Blue Nursing Scholarship,Seminole State College of Florida,https://seminolestate.academicworks.com/opportunities?utf8=%E2%9C%93&term=,35,exact_duplicate_group;near_duplicate
0cdb5d4e-b30c-43d1-bdaa-24aa02dbb83c,Helios Education Foundation First Generation Scholarship,Pensacola State College,https://pensacolastate.scholarships.ngwebsolutions.com/Scholarships/Search,35,exact_duplicate_group;near_duplicate
0ebf1601-4803-40e8-b504-aadb990847a0,Navy Federal Credit Union Scholarship,Pensacola State College,https://pensacolastate.scholarships.ngwebsolutions.com/Scholarships/Search,35,exact_duplicate_group;near_duplicate
0fd509b6-3c80-4e84-8c6a-7aef6bed44f9,Presidential Scholarship,University of Fort Lauderdale,https://hwm.ihh.mybluehost.me/financial-aid,35,exact_duplicate_group;near_duplicate
10cebcfd-582f-471c-813f-751efb492bbd,Women in STEM Empowerment Scholarship,,https://www.scholarships.com/scholarships/women-in-stem-empowerment-scholarship,35,missing_provider;expired_deadline;exact_duplicate_group
1157abfb-ab4b-4564-9450-aa3a0b3de9db,Hospitality Management Scholarship,Johnson County Community College,https://www.jccc.edu/admissions/financial-aid/aid-types/scholarships,35,exact_duplicate_group;near_duplicate
124f4587-d58e-4714-ad0a-41075a2a8f52,Joy Tong Women in Business Scholarship for Study Abroad Fall,University of Massachusetts Lowell,https://www.uml.edu/thesolutioncenter/financial-aid/Scholarships,35,exact_duplicate_group;near_duplicate