source_type,source_id,locale,status,translated_title,translated_meta_title,translated_meta_description,quality_score,published_at,source_hash
"scholarship_category","arts","es","published","Becas Artes","Becas Artes 2026 – Solicita en línea","Explora becas de artes con plazos, importes, GPA y elegibilidad. Encuentra becas que puedas solicitar hoy.","90","2026-05-21T12:49:39.605Z","29b4294132f2b509700d8036f460802108e2e4a8e719d6cbe84caac172218ecc"
"scholarship_category","arts","fr","published","Bourses Arts","Bourses Arts 2026 – Postuler en ligne","Parcourez les bourses arts : dates, montants, GPA et éligibilité.","90","2026-05-21T12:49:39.605Z","29b4294132f2b509700d8036f460802108e2e4a8e719d6cbe84caac172218ecc"
"scholarship_category","education","es","published","Becas Educación","Becas Educación 2026 – Solicita en línea","Explora becas de educación con plazos, importes, GPA y elegibilidad. Encuentra becas que puedas solicitar hoy.","90","2026-05-21T12:49:39.605Z","176ce99136b475f721fb53bf63ad83eef585b4efbbb4d8b647f5822fd557f7fe"
"scholarship_category","education","fr","published","Bourses Éducation","Bourses Éducation 2026 – Postuler en ligne","Parcourez les bourses éducation : dates, montants, GPA et éligibilité.","90","2026-05-21T12:49:39.605Z","176ce99136b475f721fb53bf63ad83eef585b4efbbb4d8b647f5822fd557f7fe"
"scholarship_category","humanities","es","published","Becas Humanidades","Becas Humanidades 2026 – Solicita en línea","Explora becas de humanidades con plazos, importes, GPA y elegibilidad. Encuentra becas que puedas solicitar hoy.","90","2026-05-21T12:49:39.605Z","6320d145d9f55094b0f16614ba2ffb2ceab2874b49a49bbd0fe0e121b40be652"
"scholarship_category","humanities","fr","published","Bourses Humanités","Bourses Humanités 2026 – Postuler en ligne","Parcourez les bourses humanités : dates, montants, GPA et éligibilité.","90","2026-05-21T12:49:39.605Z","6320d145d9f55094b0f16614ba2ffb2ceab2874b49a49bbd0fe0e121b40be652"
"scholarship_category","stem","es","published","Becas STEM","Becas STEM 2026 – Solicita en línea","Explora becas STEM con plazos, importes, requisitos de GPA y elegibilidad. Encuentra becas que puedas solicitar hoy.","90","2026-05-21T12:49:39.605Z","da5e92c2fb06f0b50f9e4eedc6cb081a64ba597e3741e710a19e8e9e55246406"
"scholarship_category","stem","fr","published","Bourses STIM","Bourses STIM 2026 – Postuler en ligne","Parcourez les bourses STIM avec dates limites, montants, GPA et critères d’éligibilité. Trouvez des bourses auxquelles postuler aujourd’hui.","90","2026-05-21T12:49:39.605Z","da5e92c2fb06f0b50f9e4eedc6cb081a64ba597e3741e710a19e8e9e55246406"
"scholarship_category","medical","es","published","Becas Medicina","Becas Medicina 2026 – Solicita en línea","Explora becas de medicina y salud con plazos, importes, GPA y elegibilidad. Encuentra becas que puedas solicitar hoy.","90","2026-05-21T12:49:39.605Z","0a5e42dfd09d0a9ec4eee4583c1c959508dcaf13acd37db53f5073b433cd6d29"
"scholarship_category","medical","fr","published","Bourses Médecine","Bourses Médecine 2026 – Postuler en ligne","Parcourez les bourses médecine et santé : dates, montants, GPA et éligibilité.","90","2026-05-21T12:49:39.605Z","0a5e42dfd09d0a9ec4eee4583c1c959508dcaf13acd37db53f5073b433cd6d29"
"scholarship_category","law","es","published","Becas Derecho","Becas Derecho 2026 – Solicita en línea","Explora becas de derecho con plazos, importes, GPA y elegibilidad. Encuentra becas que puedas solicitar hoy.","90","2026-05-21T12:49:39.605Z","58ecedae72c7831f6b4163f5897fdaf463f3cd4f6bb61c62339f40af39337889"
"scholarship_category","law","fr","published","Bourses Droit","Bourses Droit 2026 – Postuler en ligne","Parcourez les bourses droit : dates, montants, GPA et éligibilité.","90","2026-05-21T12:49:39.605Z","58ecedae72c7831f6b4163f5897fdaf463f3cd4f6bb61c62339f40af39337889"
"scholarship_category","community","es","published","Becas Comunidad","Becas Comunidad 2026 – Solicita en línea","Explora becas de comunidad con plazos, importes, GPA y elegibilidad. Encuentra becas que puedas solicitar hoy.","90","2026-05-21T12:49:39.605Z","936183f4e3d1578dc9eaa72e4228fdfb5e043251f369e177dc4a75f9d7c7855b"
"scholarship_category","community","fr","published","Bourses Communauté","Bourses Communauté 2026 – Postuler en ligne","Parcourez les bourses communauté : dates, montants, GPA et éligibilité.","90","2026-05-21T12:49:39.605Z","936183f4e3d1578dc9eaa72e4228fdfb5e043251f369e177dc4a75f9d7c7855b"
"scholarship_category","biology","es","published","Becas Biología","Becas Biología 2026 – Solicita en línea","Explora becas de biología con plazos, importes, GPA y elegibilidad. Encuentra becas que puedas solicitar hoy.","90","2026-05-21T12:49:39.605Z","fbb3ff538dd51d1908748ed44157e5528b48f900f2652408827bf189dc82bf6e"
"scholarship_category","biology","fr","published","Bourses Biologie","Bourses Biologie 2026 – Postuler en ligne","Parcourez les bourses biologie : dates, montants, GPA et éligibilité.","90","2026-05-21T12:49:39.605Z","fbb3ff538dd51d1908748ed44157e5528b48f900f2652408827bf189dc82bf6e"
"scholarship_category","safety","es","published","Becas de seguridad","Becas de seguridad 2026 – Solicita en línea","Explora becas en seguridad laboral, salud pública, emergencias, higiene industrial y gestión de riesgos. Compara plazos y elegibilidad.","90","2026-05-21T12:49:39.605Z","90df8c8afb0243303562a58fdd4da4964e0c90c427d22ff67ba5dca2ff6dad53"
"scholarship_category","safety","fr","published","Bourses sécurité","Bourses sécurité 2026 – Postuler en ligne","Parcourez les bourses en sécurité au travail, santé publique, urgences, hygiène industrielle et gestion des risques.","90","2026-05-21T12:49:39.605Z","90df8c8afb0243303562a58fdd4da4964e0c90c427d22ff67ba5dca2ff6dad53"
"scholarship_category","music","es","published","Becas de música","Becas de música 2026 – Solicita en línea","Explora becas de música con plazos, importes, GPA y elegibilidad. Encuentra becas para instrumentistas, composición y educación musical.","90","2026-05-21T12:49:39.605Z","ea16ebce33271a51741b07a1728b2f54d595fbd3bed73386f17287f18e692bfa"
"scholarship_category","music","fr","published","Bourses musique","Bourses musique 2026 – Postuler en ligne","Parcourez les bourses musique : dates, montants, GPA et éligibilité pour instrumentistes, composition et enseignement musical.","90","2026-05-21T12:49:39.605Z","ea16ebce33271a51741b07a1728b2f54d595fbd3bed73386f17287f18e692bfa"
"scholarship_category","disability","es","published","Becas Discapacidad","Becas Discapacidad 2026 – Solicita en línea","Explora becas de discapacidad con plazos, importes, GPA y elegibilidad. Encuentra becas que puedas solicitar hoy.","90","2026-05-21T12:49:39.605Z","67ceb318c15db33d8fe31253687f539b74316e66c85119d5254ab5937b6f7701"
"scholarship_category","disability","fr","published","Bourses Handicap","Bourses Handicap 2026 – Postuler en ligne","Parcourez les bourses handicap : dates, montants, GPA et éligibilité.","90","2026-05-21T12:49:39.605Z","67ceb318c15db33d8fe31253687f539b74316e66c85119d5254ab5937b6f7701"