batch_number,slug,scholarship_uuid,title,provider,amount,deadline,source_url_present,indexable_en,risk_score,include_yes_no,reason
"6","tryon-riding-hunt-club-scholarship-54xbrwgayvcn","ec8e4a1b-df74-4062-87a5-a0082270d685","Tryon Riding & Hunt Club Scholarship","Polk County Community Foundation","1,000","9/25/2026","yes","yes","0","yes","indexable with stable fields"
"6","women-who-dared-scholarship-2rz0itorqhmf","5448e827-902f-4342-88ca-0e7f3a65b313","Women Who Dared Scholarship","Polk County Community Foundation","1,000","9/25/2026","yes","yes","0","yes","indexable with stable fields"
"6","polk-county-community-foundation-special-scholarships-1tszfieevnqw","049fb12e-5e9c-4fc6-9645-a661bf9d20d9","Polk County Community Foundation Special Scholarships","Polk County Community Foundation","1,000","9/25/2026","yes","yes","0","yes","indexable with stable fields"
"6","marjorie-s-community-scholarship-12qbkh4suyyz","5fb09f47-b99a-41ac-9e62-f579d5189f97","Marjorie’s Community Scholarship","Polk County Community Foundation","1,000","9/25/2026","yes","yes","0","yes","indexable with stable fields"
"6","margery-w-bain-franklin-scholarship-0wf0oqfbztbo","d47bd9af-677b-4612-8954-ef10c1f3b935","Margery W. Bain-Franklin Scholarship","Polk County Community Foundation","1,000 - 5,000","9/25/2026","yes","yes","0","yes","indexable with stable fields"
"6","thomas-a-quinn-do-osteopathic-scholarship-d2dmabryqdg0","dd51a509-bb2d-4c77-a468-417f6999b920","Thomas A. Quinn, DO, Osteopathic Scholarship","American Osteopathic Foundation","5,000","8/18/2026","yes","yes","0","yes","indexable with stable fields"
"6","deborah-e-trautman-future-nurse-leader-scholarship-cclcsl8prwdo","affe4391-ee39-40eb-96be-5ea61ef7f16b","Deborah E. Trautman Future Nurse Leader Scholarship","American Association of Colleges of Nursing","3,500","10/1/2026","yes","yes","0","yes","indexable with stable fields"
"6","mn-international-association-of-special-investigation-units-police-scien-p2qjquhseofe","d7c87923-fcbc-4113-ac83-c24d0d29fc36","MN International Association of Special Investigation Units Police Science Discipline Scholarship","International Association of Special Investigation Units-Minnesota Chapter","500","8/31/2026","yes","yes","0","yes","indexable with stable fields"
"6","aacn2-pathway-to-critical-care-nursing-scholarship-lmr1yd8ybsgy","f41a0731-3110-4f4b-8f38-ff3812cccb23","AACN2 Pathway to Critical Care Nursing Scholarship","American Association of Colleges of Nursing","2,500","9/1/2026","yes","yes","0","yes","indexable with stable fields"
"6","pagels-engineering-scholarship-6shes9oyugcg","a21734aa-b45b-4740-9959-36a557722421","Pagels Engineering Scholarship","International Association of Special Investigation Units-Minnesota Chapter","1,000","8/31/2026","yes","yes","0","yes","indexable with stable fields"
"7","bob-baunhauser-scholarship-lex0fvrnp3g1","e153946b-dd4b-4c5d-ad7d-70f0a2003b2b","Bob Baunhauser Scholarship","Kiwanis Club of Lake Tahoe","1,500","8/26/2026","yes","yes","0","yes","indexable with stable fields"
"7","nophnrcse-scholarship-wcrzwxuql1vs","8f18fdaf-0631-48c5-acce-4d5de4f73f85","NOPHNRCSE Scholarship","National Organization of Professional Hispanic Natural Resources Conservation Service Employees","1,000","8/28/2026","yes","yes","0","yes","indexable with stable fields"
"7","martha-guerra-arteaga-scholarship-pkds7jravfsy","b0b8e633-2377-4b50-852e-3d9d6f629677","Martha Guerra-Arteaga Scholarship","National Organization of Professional Hispanic Natural Resources Conservation Service Employees","1,000","8/28/2026","yes","yes","0","yes","indexable with stable fields"
"7","we-communications-scholarship-hem6qmsfqifj","5669b1d3-e206-4889-b646-382d93566f1c","WE Communications Scholarship","UNCF","5,000","7/31/2026","yes","yes","0","yes","indexable with stable fields"
"7","neachmm-student-scholarship-mf4k4nfoy3qm","7e3e84e5-f8c2-4311-927e-4322f7f105c3","NEACHMM Student Scholarship","New England Chapter of the Academy of Certified Hazardous Materials Managers","1,000","8/25/2026","yes","yes","0","yes","indexable with stable fields"
"7","account-spark-stem-scholarship-ckmq8fzocdl3","e806b508-3b2e-4e67-96ba-be59b513f7ce","Account Spark STEM Scholarship","Center for Arab American Philanthropy","2,500 - 10,000","8/25/2026","yes","yes","0","yes","indexable with stable fields"
"7","neachmm-family-scholarship-cxncpcusw6br","f83be7a5-e317-4e1c-b9b7-47ff6bd44d69","NEACHMM Family Scholarship","New England Chapter of the Academy of Certified Hazardous Materials Managers","1,000","8/25/2026","yes","yes","0","yes","indexable with stable fields"
"7","union-plus-scholarship-kl6bevrgell6","df416c14-3165-4910-8ce1-ef4a461f1425","Union Plus Scholarship","Union Plus Education Foundation","500 - 4,000","1/31/2027","yes","yes","0","yes","indexable with stable fields"
"7","women-s-health-advocacy-scholarship-kucfahbc6ptd","952072e3-25f7-48f8-adce-61b89cdd1cdf","Women's Health Advocacy Scholarship","Latino Medical Student Association-Northeast Region","1,000","8/24/2026","yes","yes","0","yes","indexable with stable fields"
"7","70th-infantry-division-association-ellis-family-education-scholarship-1fnufdyrvzxe","f00064ac-f65c-41de-8c7d-3720ad1c0563","70th Infantry Division Association Ellis Family Education Scholarship","70th Infantry Division Association","750","8/15/2026","yes","yes","0","yes","indexable with stable fields"
"8","wisconsin-chapter-american-public-works-association-scholarship-pza6vgg6vyd2","ec3baac8-6755-4dc4-b04a-583e798d41a1","Wisconsin Chapter American Public Works Association Scholarship","American Public Works Association-Wisconsin Chapter","1,000 - 2,000","8/19/2026","yes","yes","0","yes","indexable with stable fields"
"8","at-t-the-network-bicp-lewis-latimer-scholarship-8d2h7dyqz4wg","19169e2a-4da1-4c01-83b0-298ec5d5dd50","AT&T/The NETwork BICP - Lewis Latimer Scholarship","UNCF","2,500","7/30/2026","yes","yes","0","yes","indexable with stable fields"
"8","m-moo-young-biochemical-engineering-at-university-of-waterloo-2026-m-mooyoung-biochemical-engineeri","5b651ad9-243a-4ebe-8a42-d10406510336","M Moo-Young Biochemical Engineering at University of Waterloo 2026","University of Waterloo, Canada","Partial Funding, Varies from CAD 1,000 to CAD 2,000","10 Jun, 2026","yes","yes","0","yes","indexable with stable fields"
"8","lynn-cope-conroy-graduate-scholarship-for-women-in-science-at-university-lynn-cope-conroy-graduate-schola","af6b0736-c6aa-4882-9abf-512bf4fa38d7","Lynn Cope Conroy Graduate Scholarship for Women in Science at University of Waterloo 2026","University of Waterloo, Canada","Partial Funding, Varies","10 Jun, 2026","yes","yes","0","yes","indexable with stable fields"
"8","international-bright-futures-scholarship-at-london-metropolitan-universi-london-metropolitan-university-i","c4e7832d-0f12-43c9-8f6b-9d89982618e6","International Bright Futures Scholarship at London Metropolitan University 2026","London Metropolitan University","Partial Funding, GBP 3,000 tuition fee reduction","10 Jun, 2026","yes","yes","0","yes","indexable with stable fields"
"8","iet-india-scholarship-award-2026-iet-india-scholarship-award","4c4c7e55-bbd3-4929-be34-cb6450aceeeb","IET India Scholarship Award 2026","Institution of Engineering and Technology (IET)","Partial Funding, Up to INR 3,00,000 + other benefits","15 Jun, 2026","yes","yes","0","yes","indexable with stable fields"
"8","donald-j-clough-memorial-award-at-university-of-waterloo-2026-donald-j-clough-memorial-award-a","f63e2f87-8c7e-46a0-85d0-c5b2af796fc8","Donald J. Clough Memorial Award at University of Waterloo 2026","University of Waterloo, Canada","Partial Funding, CAD 500","31 May, 2026","yes","yes","0","yes","indexable with stable fields"
"8","donald-geraldine-beam-award-at-university-of-waterloo-2026-donald-geraldine-beam-award-at-u","fd84b718-0635-40f1-a9c1-9fc3c45fb859","Donald & Geraldine Beam Award at University of Waterloo 2026","University of Waterloo, Canada","Partial Funding, Varies","31 May, 2026","yes","yes","0","yes","indexable with stable fields"
"8","dimarco-graduate-scholarship-in-computational-rhetoric-at-university-of--dimarco-graduate-scholarship-in-","95e77599-28a6-4c9f-93c6-480da8faaebf","DiMarco Graduate Scholarship in Computational Rhetoric at University of Waterloo 2026","University of Waterloo, Canada","Partial Funding, CAD 2,500","15 Oct, 2026","yes","yes","0","yes","indexable with stable fields"
"8","desmond-fonn-contact-lens-research-award-at-university-of-waterloo-2026-desmond-fonn-contact-lens-resear","c2156bd2-c957-425d-a049-2eb0e425579b","Desmond Fonn Contact Lens Research Award at University of Waterloo 2026","University of Waterloo, Canada","Partial Funding, CAD 4,000","31 May, 2026","yes","yes","0","yes","indexable with stable fields"
"9","fox-family-scholarship-vjp0ku0i0p3u","37683384-f60f-4219-83d6-82f9de44d9d1","Fox Family Scholarship","Berrien Community Foundation","2,000","2/1/2027","yes","yes","0","yes","indexable with stable fields"
"9","bryce-boothby-family-scholarship-v7egm4ie3lrr","b2245fc8-dc2c-4c69-bd77-ad193283abb7","Bryce Boothby Family Scholarship","Berrien Community Foundation","1,000","2/1/2027","yes","yes","0","yes","indexable with stable fields"
"9","beulah-short-memorial-scholarship-twk88byvy8vt","c6f0c285-a296-4acb-a06d-8809dc4bc73a","Beulah Short Memorial Scholarship","Community Foundation of Greater Flint","500","3/15/2027","yes","yes","0","yes","indexable with stable fields"
"9","all-god-s-children-community-choir-scholarship-ti2tbeqyxz4o","d1290fbc-49e2-4df8-bca0-20719622e2e1","All God’s Children Community Choir Scholarship","Berrien Community Foundation","10,000","2/1/2027","yes","yes","0","yes","indexable with stable fields"
"9","st-joseph-class-of-1970-scholarship-shp7u6tqojhr","0a51586e-e3ce-440e-8ae6-923fd6fc5274","St. Joseph Class of 1970 Scholarship","Berrien Community Foundation","1,000","2/1/2027","yes","yes","0","yes","indexable with stable fields"
"9","leslie-g-ames-scholarship-sbpkkttbwz0t","0754be1b-214f-4152-ba66-cad73d5e8898","Leslie G. Ames Scholarship","Community Foundation of Greater Flint","1,000 - 2,000","3/15/2027","yes","yes","0","yes","indexable with stable fields"
"9","sophia-l-waldbauer-scholarship-re1saboedceh","94e6c1bd-b3fc-4f58-b1e3-ed70e149d048","Sophia L. Waldbauer Scholarship","Community Foundation of Greater Flint","3,000 - 4,000","3/15/2027","yes","yes","0","yes","indexable with stable fields"
"9","marion-and-dan-crossman-scholarship-r793gryit7ju","9a409297-7228-4602-8f46-50081ab12c1a","Marion and Dan Crossman Scholarship","Berrien Community Foundation","2,000","2/1/2027","yes","yes","0","yes","indexable with stable fields"
"9","bob-emerson-scholarship-p45kwpnol7xb","0130f8a4-749c-4714-bc32-83720de0b378","Bob Emerson Scholarship","Community Foundation of Greater Flint","1,000","1/20/2027","yes","yes","0","yes","indexable with stable fields"
"9","david-paul-petro-scholarship-n7p16jh8a37f","578a1f43-c9d0-4b62-80b8-c20be6b0c3ac","David Paul Petro Scholarship","Community Foundation of Greater Flint","2,500","3/15/2027","yes","yes","0","yes","indexable with stable fields"
"10","justin-jubbs-kosak-memorial-award-mlrpaseo8kts","8beab35d-3111-425a-a94b-f06e1e0e1059","Justin “Jubbs” Kosak Memorial Award","Community Foundation of Greater Flint","2,500","3/15/2027","yes","yes","0","yes","indexable with stable fields"
"10","howard-d-merchant-memorial-scholarship-mh15pxeog1xm","d400696e-4bbb-49d9-95b4-948577021d05","Howard D. Merchant Memorial Scholarship","Berrien Community Foundation","4,000","2/1/2027","yes","yes","0","yes","indexable with stable fields"
"10","coach-u-scholarship-lb3sv3w5kwxs","2005c444-ae73-4778-88c1-b6918f9cbac9","Coach U Scholarship","Berrien Community Foundation","1,000","2/1/2027","yes","yes","0","yes","indexable with stable fields"
"10","drews-scholarship-kylpi7q8yzyi","35c4d275-5e08-41ba-9a43-1ad4f337d5a2","Drews Scholarship","Berrien Community Foundation","10,000","2/1/2027","yes","yes","0","yes","indexable with stable fields"
"10","felland-scholarship-kf8qwdjabwfv","f0dacc6f-28eb-49f3-9d72-182cb8ddc304","Felland Scholarship","Berrien Community Foundation","5,000","2/1/2027","yes","yes","0","yes","indexable with stable fields"
"10","amsterdam-merit-scholarship-ams-2026","46a0b54d-a148-4534-a886-0a2e53af03e1","Amsterdam Merit Scholarship (AMS) 2026","University of Amsterdam","Full funding","01 Nov 2026","yes","yes","0","yes","indexable with stable fields"
"10","porritt-family-memorial-scholarship-for-curious-kids-kcqags8b8yr8","893bf8a8-5e6e-40b6-895b-668594efc652","Porritt Family Memorial Scholarship for Curious Kids","Berrien Community Foundation","1,000","2/1/2027","yes","yes","0","yes","indexable with stable fields"
"10","jon-and-chenai-gillispie-trades-scholarship-kcnuh3jlh5uh","6bab34fa-1240-4252-9d24-c14f3eb5fa32","Jon and Chenai Gillispie Trades Scholarship","Berrien Community Foundation","1,000","2/1/2027","yes","yes","0","yes","indexable with stable fields"
"10","dunn-scholarship-jxkrszsgjczc","48b49fd8-1d2c-44b1-83c1-004b91448af6","Dunn Scholarship","Berrien Community Foundation","1,000 - 5,000","2/1/2027","yes","yes","0","yes","indexable with stable fields"
"10","zonta-club-of-flint-i-scholarship-iik0yshl43yy","41cbb27c-0cfd-40e5-ad30-e8cd6cef92a9","Zonta Club of Flint I Scholarship","Community Foundation of Greater Flint","1,000 - 2,000","3/15/2027","yes","yes","0","yes","indexable with stable fields"
