id,title,source,score,bucket,url,apply_url,provider_url
013fc88e-51c8-425f-854b-e127cab2e4d9,NAHMA Educational Foundation Scholarship,bigfuture,100,ready_to_apply,https://bigfuture.collegeboard.org/scholarships/nahma-educational-foundation-scholarship,https://www.nahma.org/about/educational-foundation,https://www.nahma.org/about/educational-foundation/
02c1b63f-ce0e-492e-91d0-0b86ee419c1a,Music Scholarship,bigfuture,100,ready_to_apply,https://bigfuture.collegeboard.org/scholarships/music-scholarship-tarleton-state-university,https://tarleton.scholarships.ngwebsolutions.com/Scholarships/Search,https://www.tarleton.edu/scholarships/
0fd509b6-3c80-4e84-8c6a-7aef6bed44f9,Presidential Scholarship,bigfuture,100,ready_to_apply,https://bigfuture.collegeboard.org/scholarships/presidential-scholarship-university-of-fort-lauderdale,https://hwm.ihh.mybluehost.me/financial-aid/,https://hwm.ihh.mybluehost.me/financial-aid/
14bc5eee-ac63-4638-a32d-b1aef4e148ae,Amy Rose Grabina Leadership Scholarship,bigfuture,100,ready_to_apply,https://bigfuture.collegeboard.org/scholarships/amy-rose-grabina-leadership-scholarship,https://fsu.academicworks.com/opportunities,https://financialaid.fsu.edu/types-aid/scholarships
16e76b5c-43b2-4bf9-a024-1dc1a1436e57,Dr. Terri Stahlman Endowed Fellowship,bigfuture,100,ready_to_apply,https://bigfuture.collegeboard.org/scholarships/dr-terri-stahlman-endowed-fellowship,https://www.unf.edu/coehs/scholarships/list/stahlman-scholarship.html,https://www.unf.edu/coehs/scholarships/fellowship-list.html
197575ae-aa08-4bc6-9142-8a948ec915da,Last Mile Scholarship,bigfuture,100,ready_to_apply,https://bigfuture.collegeboard.org/scholarships/last-mile-scholarship,https://www.cf.edu/admissions/paying-for-college/types-of-financial-aid/last-mile-scholarship/,https://www.cf.edu/admissions/paying-for-college/types-of-financial-aid/
1ccde318-9022-4109-8209-d1f11ce764de,South Austin Medical Center Auxiliary Endowed Scholarship,bigfuture,100,ready_to_apply,https://bigfuture.collegeboard.org/scholarships/south-austin-medical-center-auxiliary-endowed-scholarship,https://austincc.academicworks.com/opportunities/9725,https://students.austincc.edu/scholarships/
1ee426c9-49ee-41e5-800c-0c07bba7493a,Fort Worth Stock Show Syndicate-Jim Bob Norman Memorial Scholarship,bigfuture,100,ready_to_apply,https://bigfuture.collegeboard.org/scholarships/fort-worth-stock-show-syndicate-jim-bob-norman-memorial-scholarship,https://www.texasffa.org/ffa-scholarships,https://www.texasffa.org/ffa-scholarships
1fae8d88-c941-49ca-a309-0a5f78e5f68c,"Odom, Moses & Company Endowed Scholarship",bigfuture,100,ready_to_apply,https://bigfuture.collegeboard.org/scholarships/odom-moses--company-endowed-scholarship,https://www.fgc.edu/tuition-financial-aid/available-financial-aid/foundation-scholarships.html,https://www.fgc.edu/admissions-information/tuition-financial-aid/
2a75c370-5858-4940-8439-fad11707f1b4,CenTex MOAA Chapter Scholarship,bigfuture,100,ready_to_apply,https://bigfuture.collegeboard.org/scholarships/centex-moaa-chapter-scholarship,https://centexmoaa.org/program-application/,https://centexmoaa.org/
2c50c5f1-02fb-4836-bfd5-f166e6ee7b8f,Blue Cross & Blue Shield of Florida Nursing Scholarship - Undergraduate,bigfuture,100,ready_to_apply,https://bigfuture.collegeboard.org/scholarships/blue-cross--blue-shield-of-florida-nursing-scholarship---undergraduate,https://uwf.academicworks.com/opportunities,https://uwf.edu/offices/financial-aid/types-of-aid/scholarships/
30460dae-0ffd-4eb5-a125-ba33661d35b7,Frances Kayo Bowman GLO Endowed Scholarship,bigfuture,100,ready_to_apply,https://bigfuture.collegeboard.org/scholarships/frances-kayo-bowman-glo-endowed-scholarship,https://www.fgc.edu/tuition-financial-aid/available-financial-aid/foundation-scholarships.html,https://www.fgc.edu/admissions-information/tuition-financial-aid/
30d9b74f-1773-4cdc-95f2-e450668d87ba,Mike Matthews Endowed Fine Arts Scholarship,bigfuture,100,ready_to_apply,https://bigfuture.collegeboard.org/scholarships/mike-matthews-endowed-fine-arts-scholarship,https://tccd.academicworks.com/opportunities/5030,https://foundation.tccd.edu/scholarships/
33daf466-c9a6-47d0-af23-373a8daad882,Holly Burnette Memorial Scholarship,bigfuture,100,ready_to_apply,https://bigfuture.collegeboard.org/scholarships/holly-burnette-memorial-scholarship,https://www.fgc.edu/tuition-financial-aid/available-financial-aid/foundation-scholarships.html,https://www.fgc.edu/admissions-information/tuition-financial-aid/
36b4e459-a8e0-4232-b5cf-89ced9c70870,Kansas Association of Broadcasters Broadcast Scholarship,bigfuture,100,ready_to_apply,https://bigfuture.collegeboard.org/scholarships/kansas-association-of-broadcasters-broadcast-scholarship,https://kab.net/resources/scholarships/,https://kab.net/resources/scholarships/
37424697-cec6-413a-90d7-407da6544a2f,Susan Eason Scholarship for Students with Disabilities,bigfuture,100,ready_to_apply,https://bigfuture.collegeboard.org/scholarships/susan-eason-scholarship-for-students-with-disabilities,https://austincc.academicworks.com/opportunities/10080,https://students.austincc.edu/scholarships/
41d60a50-b600-4647-adf8-56bb3585cf8d,Thomas M. Spencer Memorial Endowed Scholarship Central,bigfuture,100,ready_to_apply,https://bigfuture.collegeboard.org/scholarships/thomas-m-spencer-memorial-endowed-scholarship-central,https://sjcd.academicworks.com/opportunities/20374,https://www.sanjac.edu/admissions/paying-for-college/grants-scholarships/scholarships/
5bd8b04c-48ea-4076-bd97-32fc45d67139,The Peter J. Trainor Leadership Award,bigfuture,100,ready_to_apply,https://bigfuture.collegeboard.org/scholarships/the-peter-j-trainor-leadership-award,https://mwcc.edu/giving/annual-awards/,https://mwcc.edu/giving/annual-awards/
91aa9afe-dbf2-401a-b02a-ff618f1f3cd6,Edwards Scholarship,bigfuture,100,ready_to_apply,https://bigfuture.collegeboard.org/scholarships/edwards-scholarship,https://www.edwardsfund.org/application-info/eligibility,https://www.edwardsfund.org/
a990d8ef-b568-45f4-ad0d-bdc6f192ca6d,Dick Smith College of Science & Mathematics Graduate Scholarship,bigfuture,100,ready_to_apply,https://bigfuture.collegeboard.org/scholarships/dick-smith-college-of-science--mathematics-graduate-scholarship,https://tarleton.scholarships.ngwebsolutions.com/Scholarships/Search,https://www.tarleton.edu/scholarships/
bc8e06aa-3405-4189-8173-2aa37c5c9887,Nursing Scholarship,bigfuture,100,ready_to_apply,https://bigfuture.collegeboard.org/scholarships/nursing-scholarship-university-of-west-florida,https://uwf.academicworks.com/opportunities,https://uwf.edu/offices/financial-aid/types-of-aid/scholarships/
d88496fb-1c55-48cc-8d9d-1429527e1908,Bank of America Dream Makers Scholarship,bigfuture,100,ready_to_apply,https://bigfuture.collegeboard.org/scholarships/bank-of-america-dream-makers-scholarship-pensacola-state-college,https://pensacolastate.scholarships.ngwebsolutions.com/Scholarships/Search,https://financialaid.pensacolastate.edu/scholarships/
eef99602-23b8-4033-b58b-d3946fa9dcf1,Kids' Chance of Maine Scholarship,bigfuture,100,ready_to_apply,https://bigfuture.collegeboard.org/scholarships/kids-chance-of-maine-scholarship,https://kidschanceme.org/scholarships/,https://kidschanceme.org/scholarships/
f448f019-0973-423b-9c67-6779272a3f2d,MWCC Veteran’s Memorial Scholarship,bigfuture,100,ready_to_apply,https://bigfuture.collegeboard.org/scholarships/mwcc-veterans-memorial-scholarship,https://mwcc.edu/giving/annual-awards/,https://mwcc.edu/giving/annual-awards/
006658eb-b8a5-40e4-994e-176eb4f3438f,Doctoral Alumni Scholarship,bigfuture,100,ready_to_apply,https://bigfuture.collegeboard.org/scholarships/doctoral-alumni-scholarship,https://www.nova.edu/sbin/report/scholarships/schlr-srch-params.cgi?category=Institutional&level=Graduate#search-results,https://www.nova.edu/financialaid/scholarships/index.html
06323499-6be9-4f9e-99cb-e0d0f9592839,Charles Kunz Memorial Undergraduate Scholarship,bigfuture,100,ready_to_apply,https://bigfuture.collegeboard.org/scholarships/charles-kunz-memorial-undergraduate-scholarship,https://www.ena.org/education/grants-scholarships,https://www.ena.org/education/grants-scholarships
1f27fb6c-79fe-4fbf-9d2d-39cc1b4af865,Sealaska Heritage Institute Scholarship,bigfuture,100,ready_to_apply,https://bigfuture.collegeboard.org/scholarships/sealaska-heritage-institute-scholarship,https://mysealaska.com/Services/Scholarship,https://scholarship.sealaskaheritage.org/Account/LogOn
2bc99ee6-d135-4670-8e59-15a9af10fc4d,Dick Smith College of Liberal & Fine Arts Graduate Scholarship,bigfuture,100,ready_to_apply,https://bigfuture.collegeboard.org/scholarships/dick-smith-college-of-liberal--fine-arts-graduate-scholarship,https://tarleton.scholarships.ngwebsolutions.com/Scholarships/Search,https://www.tarleton.edu/scholarships/
2c0111e2-304a-476c-8917-670540bdf1bc,Class of 1954 Scholarship,bigfuture,100,ready_to_apply,https://bigfuture.collegeboard.org/scholarships/class-of-1954-scholarship-university-of-massachusetts-amherst,https://umass.academicworks.com/opportunities,https://www.umass.edu/financialaid/undergraduate/undergraduate-scholarships
2c0e4bf7-00a8-4821-8db7-d23ab1a6f1bb,Roy Spence Endowed Scholarship,bigfuture,100,ready_to_apply,https://bigfuture.collegeboard.org/scholarships/roy-spence-endowed-scholarship,https://austincc.academicworks.com/opportunities/9895,https://students.austincc.edu/scholarships/
2c248641-bddb-4275-aa9f-f5f390b3c193,The Brandon Paul Memorial Foundation Scholarship,bigfuture,100,ready_to_apply,https://bigfuture.collegeboard.org/scholarships/the-brandon-paul-memorial-foundation-scholarship,https://www.citruscollegecoalition.org/local-scholarships,https://www.citruscollegecoalition.org/local-scholarships
34b12089-4d71-4dd6-abd4-a868da929629,CalFlowers Scholarship,bigfuture,100,ready_to_apply,https://bigfuture.collegeboard.org/scholarships/calflowers-scholarship,https://www.endowment.org/scholarships,https://endowment.org/scholarships/
362de1a9-83c2-4b4e-984d-5fc07c383be2,Oklahoma Cattlemen's Scholarship,bigfuture,100,ready_to_apply,https://bigfuture.collegeboard.org/scholarships/oklahoma-cattlemens-scholarship,https://www.okcattlemen.org/scholarship-opportunities-menu2,https://www.okcattlemen.org/index.php?option=com_content&view=article&id=73:scholarship-opportunities&catid=20:site-content&Itemid=163
39183f8a-a892-4c7a-8ea2-595890f58900,John Gloucester Memorial Presbyterian Church Scholarship,bigfuture,100,ready_to_apply,https://bigfuture.collegeboard.org/scholarships/john-gloucester-memorial-presbyterian-church-scholarship,https://www.presbyteryofboston.org/Resources/Grants,https://www.presbyteryofboston.org
4ce4f005-7ca9-4245-a823-7a6dc2f7e3b6,Alumni Scholarship,bigfuture,100,ready_to_apply,https://bigfuture.collegeboard.org/scholarships/alumni-scholarship-san-jacinto-college,https://sjcd.academicworks.com/opportunities/20307,https://www.sanjac.edu/admissions/paying-for-college/grants-scholarships/scholarships/
a4658a70-5ed2-46c7-9f33-3dd20fd0dcb1,MWCC Alumni Association Continuing Student Scholarship,bigfuture,100,ready_to_apply,https://bigfuture.collegeboard.org/scholarships/mwcc-alumni-association-continuing-student-scholarship,https://mwcc.edu/giving/annual-awards/,https://mwcc.edu/giving/annual-awards/
d212d96e-2881-499c-b92d-a50465931692,Higher Education Scholarship,bigfuture,100,ready_to_apply,https://bigfuture.collegeboard.org/scholarships/higher-education-scholarship-maniilaq-association,https://www.maniilaq.org/tribal/,https://www.maniilaq.org/tribal/
d2b9d192-6631-4f51-b85e-580fbeefaecc,Pay It Forward Scholarship,bigfuture,100,ready_to_apply,https://bigfuture.collegeboard.org/scholarships/pay-it-forward-scholarship-alamo-colleges-foundation,https://alamo.academicworks.com/opportunities/3773,https://www.alamo.edu/foundation/scholarships/
d4db3d2e-61bb-4f1f-956c-81ee53f4c608,Rural Health Scholarship,bigfuture,100,ready_to_apply,https://bigfuture.collegeboard.org/scholarships/rural-health-scholarship,https://indstate.academicworks.com/opportunities/112777,https://indianastate.edu/costs-aid/scholarships
edb6136f-71f1-42c9-90b3-e81f272df206,Michael Greenwood Business Scholarship,bigfuture,100,ready_to_apply,https://bigfuture.collegeboard.org/scholarships/michael-greenwood-business-scholarship,https://mwcc.edu/giving/annual-awards/,https://mwcc.edu/giving/annual-awards/