route,slug,title,type,detected_state,detected_school,current_context_card,recommended_context,risk,action
/resources/best-massachusetts-scholarships-international-students,best-massachusetts-scholarships-international-students,Best Scholarships in Massachusetts for International Students,resource,MA,,yes,state compact stats + scholarship links,low,enhance links/copy
/resources/best-new-york-scholarships-international-students,best-new-york-scholarships-international-students,Best Scholarships in New York for International Students: Top University Funding Options,resource,NY,,yes,state compact stats + scholarship links,low,enhance links/copy
/resources/best-scholarships-texas-international-students,best-scholarships-texas-international-students,Best Scholarships in Texas for International Students: 2024 Guide,resource,TX,,yes,state compact stats + scholarship links,low,enhance links/copy
/resources/columbia-university-scholarships-international-students,columbia-university-scholarships-international-students,Scholarships at Columbia University for International Students: What Funding Is Available?,resource,NY,Columbia University in the City of New York,yes,school compact stats + compare links,low,enhance links/copy
/resources/harvard-scholarships-international-students,harvard-scholarships-international-students,Scholarships at Harvard for International Students: What Aid Is Really Available,resource,MA,Harvard University,yes,school compact stats + compare links,low,enhance links/copy
/resources/mit-scholarships-international-students,mit-scholarships-international-students,Scholarships at MIT for International Students: What Aid Is Actually Available,resource,MA,Massachusetts Institute of Technology,yes,school compact stats + compare links,low,enhance links/copy
/resources/stanford-scholarships-international-students,stanford-scholarships-international-students,Scholarships at Stanford for International Students: What Funding Is Actually Available,resource,CA,Stanford University,yes,school compact stats + compare links,low,enhance links/copy
/resources/yale-scholarships-international-students,yale-scholarships-international-students,Scholarships at Yale for International Students: What Funding Is Available?,resource,CT,Yale University,yes,school compact stats + compare links,low,enhance links/copy
/essays/financial-need,financial-need,How to Write a Financial Need Scholarship Essay,essay,,,no,none,low,keep hidden
/essays/stem,stem,How to Write a STEM Scholarship Essay,essay,,,no,none,low,keep hidden
/resources/aauw-fellowships-international-women,aauw-fellowships-international-women,"AAUW Fellowships for International Women: Eligibility, Benefits, and How to Apply",resource,,,no,improve resolver / monitor,low,resolver candidate
/resources/adobe-research-fellowship-international-students,adobe-research-fellowship-international-students,"Adobe Research Fellowship for International Students: Eligibility, Application, and Key Details",resource,,,no,improve resolver / monitor,low,resolver candidate
/resources/aga-khan-foundation-scholarship-international-students,aga-khan-foundation-scholarship-international-students,"Aga Khan Foundation Scholarship for International Students: Eligibility, Benefits, and How to Apply",resource,,,no,improve resolver / monitor,low,resolver candidate
/resources/appeal-financial-aid-scholarship-decisions,appeal-financial-aid-scholarship-decisions,How College Students Can Appeal Financial Aid and Scholarship Decisions,resource,,,no,none,low,skip
/resources/appeal-scholarship-rejection-international-student,appeal-scholarship-rejection-international-student,How to Appeal a Scholarship Rejection as an International Student,resource,,,no,improve resolver / monitor,low,resolver candidate
/resources/apply-10-scholarships-a-month-international-student,apply-10-scholarships-a-month-international-student,How to Apply to 10 Scholarships a Month as an International Student,resource,,,no,improve resolver / monitor,low,resolver candidate
/resources/apply-scholarships-international-student-usa,apply-scholarships-international-student-usa,How to Apply for Scholarships as an International Student in the USA,resource,,,no,improve resolver / monitor,low,resolver candidate
/resources/architecture-scholarships-international-students,architecture-scholarships-international-students,Scholarships for International Students in Architecture: Where to Find Funding,resource,,,no,improve resolver / monitor,low,resolver candidate
/resources/are-scholarships-taxable-for-international-students-usa,are-scholarships-taxable-for-international-students-usa,Understanding the Tax Implications of Scholarships for International Students in the USA,resource,,,no,improve resolver / monitor,low,resolver candidate
/resources/arts-humanities-scholarships-international-students,arts-humanities-scholarships-international-students,Scholarships for International Students in Arts and Humanities: Real Funding Options,resource,,,no,improve resolver / monitor,low,resolver candidate
/resources/asian-development-bank-scholarships-international-students,asian-development-bank-scholarships-international-students,Asian Development Bank Scholarships for International Students: ADB-JSP Guide,resource,,,no,improve resolver / monitor,low,resolver candidate
/resources/athletic-scholarships-international-students-usa,athletic-scholarships-international-students-usa,Athletic Scholarships for International Students in the USA: What to Know,resource,,,no,improve resolver / monitor,low,resolver candidate
/resources/athletics-improve-scholarship-chances,athletics-improve-scholarship-chances,How College Students Can Use Athletics to Improve Scholarship Chances,resource,,,no,none,low,skip
/resources/best-architecture-scholarships-usa,best-architecture-scholarships-usa,Best Scholarships in the USA for College Students Majoring in Architecture,resource,,,no,none,low,skip
/resources/best-biology-scholarships-usa,best-biology-scholarships-usa,Best Scholarships in the USA for College Students Majoring in Biology,resource,,,no,none,low,skip
/resources/best-chemistry-scholarships-usa,best-chemistry-scholarships-usa,Best Scholarships in the USA for College Students Majoring in Chemistry,resource,,,no,none,low,skip
/resources/best-criminal-justice-scholarships-usa,best-criminal-justice-scholarships-usa,Best Scholarships in the USA for College Students Majoring in Criminal Justice,resource,,,no,none,low,skip
/resources/best-education-scholarships-usa,best-education-scholarships-usa,Best Scholarships in the USA for College Students Majoring in Education,resource,,,no,none,low,skip
/resources/best-engineering-scholarships-school-students-usa,best-engineering-scholarships-school-students-usa,Best Scholarships for School Students Interested in Engineering in the USA,resource,,,no,improve resolver / monitor,low,resolver candidate
/resources/best-finance-scholarships-usa,best-finance-scholarships-usa,Best Scholarships in the USA for College Students Majoring in Finance,resource,,,no,none,low,skip
/resources/best-free-scholarship-database-international-students,best-free-scholarship-database-international-students,Top Free Scholarship Databases for International Students,resource,,,no,improve resolver / monitor,low,resolver candidate
/resources/best-grants-usa-international-students,best-grants-usa-international-students,Best Grants in the USA for International Students: Real Funding Options,resource,,,no,improve resolver / monitor,low,resolver candidate
/resources/best-journalism-scholarships-usa,best-journalism-scholarships-usa,Best Scholarships in the USA for College Students Majoring in Journalism,resource,,,no,none,low,skip
/resources/best-music-scholarships-usa-college-students,best-music-scholarships-usa-college-students,Best Scholarships in the USA for College Students Majoring in Music,resource,,,no,improve resolver / monitor,low,resolver candidate
/resources/best-nursing-scholarships-usa,best-nursing-scholarships-usa,Best Scholarships in the USA for College Students Majoring in Nursing,resource,,,no,improve resolver / monitor,low,resolver candidate
/resources/best-physics-scholarships-usa,best-physics-scholarships-usa,Best Scholarships in the USA for College Students Majoring in Physics,resource,,,no,none,low,skip
/resources/best-scholarship-essay-examples-international-students,best-scholarship-essay-examples-international-students,"Best Scholarship Essay Examples for International Students: Samples, Tips, and Structure",resource,,,no,improve resolver / monitor,low,resolver candidate
/resources/best-scholarship-search-engine-international-students,best-scholarship-search-engine-international-students,Top Scholarship Search Engines for International Students,resource,,,no,improve resolver / monitor,low,resolver candidate
/resources/best-scholarship-sites-for-international-students,best-scholarship-sites-for-international-students,Top Scholarship Websites for International Students: A Comprehensive Comparison,resource,,,no,improve resolver / monitor,low,resolver candidate
/resources/best-scholarships-international-students-no-citizenship-requirement,best-scholarships-international-students-no-citizenship-requirement,Best Scholarships for International Students With No Citizenship Requirement,resource,,,no,improve resolver / monitor,low,resolver candidate
/resources/best-stem-scholarships-undergraduate-students,best-stem-scholarships-undergraduate-students,Best STEM Scholarships for Undergraduate Students: Top National Awards to Apply For,resource,,,no,improve resolver / monitor,low,resolver candidate
/resources/best-usa-accounting-scholarships,best-usa-accounting-scholarships,Best Scholarships in the USA for College Students Majoring in Accounting,resource,,,no,none,low,skip
/resources/best-usa-environmental-science-scholarships,best-usa-environmental-science-scholarships,Best Scholarships in the USA for College Students Majoring in Environmental Science,resource,,,no,none,low,skip
/resources/best-usa-film-scholarships,best-usa-film-scholarships,Best Scholarships in the USA for College Students Majoring in Film,resource,,,no,none,low,skip
/resources/best-usa-graduate-scholarships-families,best-usa-graduate-scholarships-families,Best Scholarships in the USA for Graduate Students With Families,resource,,,no,improve resolver / monitor,low,resolver candidate
/resources/best-usa-scholarships-international-students-2026,best-usa-scholarships-international-students-2026,Best Scholarships in the USA for International Students 2026,resource,,,no,improve resolver / monitor,low,resolver candidate
/resources/best-usa-scholarships-online-graduate-students,best-usa-scholarships-online-graduate-students,Best Scholarships in the USA for Graduate Students Studying Online,resource,,,no,improve resolver / monitor,low,resolver candidate
/resources/best-way-to-find-scholarships-international-student-usa-2026,best-way-to-find-scholarships-international-student-usa-2026,Finding Scholarships for International Students in the USA: A Comprehensive Guide for 2026,resource,,,no,improve resolver / monitor,low,resolver candidate
/resources/biomedical-engineering-scholarships-usa,biomedical-engineering-scholarships-usa,Scholarships in the USA for Students Interested in Biomedical Engineering,resource,,,no,improve resolver / monitor,low,resolver candidate
/resources/boeing-international-scholarship-programs,boeing-international-scholarship-programs,Boeing International Scholarship Programs: What Students Can Actually Apply For,resource,,,no,improve resolver / monitor,low,resolver candidate
/resources/build-scholarship-portfolio-usa,build-scholarship-portfolio-usa,How College Students Can Build a Scholarship Portfolio in the USA,resource,,,no,none,low,skip
/resources/campus-media-work-scholarship-chances,campus-media-work-scholarship-chances,How College Students Can Use Campus Media Work to Improve Scholarship Chances,resource,,,no,improve resolver / monitor,low,resolver candidate
/resources/can-you-hold-multiple-scholarships-international-student,can-you-hold-multiple-scholarships-international-student,Can International Students Hold Multiple Scholarships?,resource,,,no,improve resolver / monitor,low,resolver candidate
/resources/case-competitions-improve-scholarship-chances,case-competitions-improve-scholarship-chances,How College Students Can Use Case Competitions to Improve Scholarship Chances,resource,,,no,none,low,skip
/resources/college-scholarships-usa-campus-jobs,college-scholarships-usa-campus-jobs,How College Students Can Get Scholarships in the USA With Campus Jobs,resource,,,no,improve resolver / monitor,low,resolver candidate
/resources/college-students-scholarships-usa-volunteer-work,college-students-scholarships-usa-volunteer-work,How College Students Can Get Scholarships in the USA With Volunteer Work,resource,,,no,improve resolver / monitor,low,resolver candidate
/resources/community-college-scholarships-international-students,community-college-scholarships-international-students,Scholarships for International Students at Community Colleges: What to Know,resource,,,no,improve resolver / monitor,low,resolver candidate
/resources/community-college-scholarships-international-students-usa,community-college-scholarships-international-students-usa,Scholarships for International Students at Community Colleges in the USA,resource,,,no,improve resolver / monitor,low,resolver candidate
/resources/compare-assistantships-and-scholarships-usa,compare-assistantships-and-scholarships-usa,How Graduate Students Can Compare Assistantships and Scholarships in the USA,resource,,,no,none,low,skip
/resources/compare-scholarship-packages-usa,compare-scholarship-packages-usa,How College Students Can Compare Scholarship Packages in the USA,resource,,,no,none,low,skip
/resources/compare-scholarship-trust-signals,compare-scholarship-trust-signals,How to Compare Scholarship Trust Signals Across College Student Awards,resource,,,no,none,low,skip
/resources/compare-scholarship-trust-signals-graduate-awards,compare-scholarship-trust-signals-graduate-awards,How to Compare Scholarship Trust Signals Across Graduate Awards,resource,,,no,improve resolver / monitor,low,resolver candidate
/resources/compare-scholarship-trust-signals-international-awards,compare-scholarship-trust-signals-international-awards,How to Compare Scholarship Trust Signals Across International Awards,resource,,,no,improve resolver / monitor,low,resolver candidate
/resources/computer-science-scholarships-international-students,computer-science-scholarships-international-students,Scholarships for International Students in Computer Science: Where to Find Funding,resource,,,no,improve resolver / monitor,low,resolver candidate
/resources/corporate-scholarships-international-students,corporate-scholarships-international-students,Corporate Scholarships Open to International Students: Real Programs and How to Apply,resource,,,no,improve resolver / monitor,low,resolver candidate
/resources/cost-of-studying-in-usa-for-international-students,cost-of-studying-in-usa-for-international-students,Cost of Studying in the USA for International Students and How to Reduce It,resource,,,no,improve resolver / monitor,low,resolver candidate
/resources/counselors-help-low-income-students-find-scholarships,counselors-help-low-income-students-find-scholarships,How Counselors Can Help Low-Income Students Find Scholarships,resource,,,no,improve resolver / monitor,low,resolver candidate
/resources/counselors-help-stem-students-find-scholarships,counselors-help-stem-students-find-scholarships,How Counselors Can Help STEM Students Find Scholarships,resource,,,no,improve resolver / monitor,low,resolver candidate
/resources/create-trusted-scholarship-guides-college-students,create-trusted-scholarship-guides-college-students,How to Create Scholarship Guides for College Students That Build Trust,resource,,,no,improve resolver / monitor,low,resolver candidate
/resources/daca-students-international-student-scholarships,daca-students-international-student-scholarships,Can DACA Students Apply for the Same Scholarships as International Students?,resource,,,no,improve resolver / monitor,low,resolver candidate
/resources/do-scholarships-affect-financial-aid-international-students,do-scholarships-affect-financial-aid-international-students,Do Scholarships Affect Financial Aid for International Students? What to Know,resource,,,no,improve resolver / monitor,low,resolver candidate
/resources/easy-scholarships-international-students,easy-scholarships-international-students,Easy Scholarships for International Students to Apply For,resource,,,no,improve resolver / monitor,low,resolver candidate
/resources/easy-usa-scholarships-international-students,easy-usa-scholarships-international-students,Easy Scholarships in the USA for International Students to Apply Now,resource,,,no,improve resolver / monitor,low,resolver candidate
/resources/education-grants-usa-graduate-students,education-grants-usa-graduate-students,Education Grants in the USA for Graduate Students: Real Funding Options,resource,,,no,improve resolver / monitor,low,resolver candidate
/resources/education-grants-usa-undergraduate-students,education-grants-usa-undergraduate-students,"Education Grants in the USA for Undergraduate Students: Federal, State, and College Aid",resource,,,no,improve resolver / monitor,low,resolver candidate
/resources/emergency-funds-international-students-usa,emergency-funds-international-students-usa,Emergency Funds for International Students in the USA: Where to Find Help Fast,resource,,,no,improve resolver / monitor,low,resolver candidate
/resources/emergency-tuition-help-grants-usa,emergency-tuition-help-grants-usa,Grants in the USA for College Students Needing Emergency Tuition Help,resource,,,no,none,low,skip
/resources/engineering-scholarships-international-students,engineering-scholarships-international-students,Scholarships for International Students in Engineering: Best Funding Options,resource,,,no,improve resolver / monitor,low,resolver candidate
/resources/entrepreneurship-improve-scholarship-chances,entrepreneurship-improve-scholarship-chances,How College Students Can Use Entrepreneurship to Improve Scholarship Chances,resource,,,no,none,low,skip
/resources/environmental-science-scholarships-international-students,environmental-science-scholarships-international-students,Scholarships for International Students in Environmental Science: Where to Find Funding,resource,,,no,improve resolver / monitor,low,resolver candidate
/resources/fastweb-vs-scholarships-com-for-international-students,fastweb-vs-scholarships-com-for-international-students,Fastweb vs Scholarships.com: A Guide for International Students,resource,,,no,improve resolver / monitor,low,resolver candidate
/resources/financial-planning-international-students-usa,financial-planning-international-students-usa,"Financial Planning for International Students Studying in the USA: Budgeting, Costs, and Smart Money Tips",resource,,,no,improve resolver / monitor,low,resolver candidate
/resources/find-scholarships-every-semester-usa,find-scholarships-every-semester-usa,How College Students Can Find Scholarships in the USA Every Semester,resource,,,no,none,low,skip
/resources/find-scholarships-international-student-step-by-step,find-scholarships-international-student-step-by-step,How to Find Scholarships as an International Student Step by Step,resource,,,no,improve resolver / monitor,low,resolver candidate
/resources/find-scholarships-usa-twins-college,find-scholarships-usa-twins-college,How to Find Scholarships in the USA for Twins Entering College,resource,,,no,improve resolver / monitor,low,resolver candidate
/resources/find-trusted-scholarships-usa-international-students,find-trusted-scholarships-usa-international-students,How to Find Trusted Scholarships in the USA for International Students,resource,,,no,improve resolver / monitor,low,resolver candidate
/resources/first-generation-student-scholarships-usa,first-generation-student-scholarships-usa,Scholarships for School Students in the USA for First-Generation Families,resource,,,no,improve resolver / monitor,low,resolver candidate
/resources/ford-foundation-fellowship-international-students,ford-foundation-fellowship-international-students,"Ford Foundation Fellowship for International Students: Eligibility, Limits, and Alternatives",resource,,,no,improve resolver / monitor,low,resolver candidate
/resources/four-year-scholarship-plan-college,four-year-scholarship-plan-college,How School Students Can Prepare a Four Year Scholarship Plan for College,resource,,,no,improve resolver / monitor,low,resolver candidate
/resources/fulbright-scholarship-international-students-guide,fulbright-scholarship-international-students-guide,Fulbright Scholarship for International Students: Complete Guide,resource,,,no,improve resolver / monitor,low,resolver candidate
/resources/full-ride-vs-higher-ranked-university,full-ride-vs-higher-ranked-university,How to Choose Between a Full Ride and a Higher Ranked University,resource,,,no,improve resolver / monitor,low,resolver candidate
/resources/fully-funded-scholarships-usa-international-masters-students,fully-funded-scholarships-usa-international-masters-students,Fully Funded Scholarships in the USA for International Master's Students,resource,,,no,improve resolver / monitor,low,resolver candidate
/resources/fully-funded-scholarships-usa-international-students,fully-funded-scholarships-usa-international-students,Fully Funded Scholarships for International Students in the USA: Best Options and How to Apply,resource,,,no,improve resolver / monitor,low,resolver candidate
/resources/generation-google-scholarship-international-stem-students,generation-google-scholarship-international-stem-students,"Generation Google Scholarship for International STEM Students: Eligibility, Application, and Key Details",resource,,,no,improve resolver / monitor,low,resolver candidate
/resources/get-usa-scholarships-international-students-step-by-step,get-usa-scholarships-international-students-step-by-step,How to Get Scholarships in the USA for International Students: Step-by-Step Guide,resource,,,no,improve resolver / monitor,low,resolver candidate
/resources/girls-stem-scholarships-usa-school-students,girls-stem-scholarships-usa-school-students,Scholarships for School Students in the USA for Girls in STEM,resource,,,no,improve resolver / monitor,low,resolver candidate
/resources/google-generation-scholarship-international-students,google-generation-scholarship-international-students,"Google Generation Scholarship for International Students: Eligibility, Regions, and How to Apply",resource,,,no,improve resolver / monitor,low,resolver candidate
/resources/government-scholarships-international-students-usa,government-scholarships-international-students-usa,Government Scholarships for International Students in the USA: Real Programs and How to Apply,resource,,,no,improve resolver / monitor,low,resolver candidate
/resources/graduate-assistantships-vs-scholarships-international-students,graduate-assistantships-vs-scholarships-international-students,Graduate Assistantships vs Scholarships for International Students: Key Differences,resource,,,no,improve resolver / monitor,low,resolver candidate
/resources/graduate-scholarship-application-checklist,graduate-scholarship-application-checklist,Scholarship Application Checklist for Graduate Students: What to Prepare and When,resource,,,no,improve resolver / monitor,low,resolver candidate
/resources/graduate-scholarships-usa-after-admission,graduate-scholarships-usa-after-admission,How Graduate Students Can Get Scholarships in the USA After Admission,resource,,,no,improve resolver / monitor,low,resolver candidate
/resources/graduate-scholarships-usa-before-admission,graduate-scholarships-usa-before-admission,How Graduate Students Can Get Scholarships in the USA Before Admission,resource,,,no,improve resolver / monitor,low,resolver candidate
/resources/graduate-student-funding-strategy-usa,graduate-student-funding-strategy-usa,How Graduate Students Can Build a Funding Strategy for the USA,resource,,,no,improve resolver / monitor,low,resolver candidate
/resources/graduate-students-find-scholarships-usa-by-department,graduate-students-find-scholarships-usa-by-department,How Graduate Students Can Find Scholarships in the USA by Department,resource,,,no,improve resolver / monitor,low,resolver candidate
/resources/graduate-students-find-scholarships-usa-research-topic,graduate-students-find-scholarships-usa-research-topic,How Graduate Students Can Find Scholarships in the USA by Research Topic,resource,,,no,improve resolver / monitor,low,resolver candidate
/resources/graduate-students-scholarships-usa-advisor-network,graduate-students-scholarships-usa-advisor-network,How Graduate Students Can Find Scholarships in the USA Through Advisor Networks,resource,,,no,improve resolver / monitor,low,resolver candidate
/resources/graduate-students-write-scholarship-statements-usa,graduate-students-write-scholarship-statements-usa,How Graduate Students Can Write Scholarship Statements for the USA,resource,,,no,improve resolver / monitor,low,resolver candidate
/resources/grants-school-students-usa-stem-camps,grants-school-students-usa-stem-camps,Grants for School Students in the USA for STEM Camps: Real Funding Options,resource,,,no,improve resolver / monitor,low,resolver candidate
/resources/grants-usa-graduate-social-sciences,grants-usa-graduate-social-sciences,Top Grants in the USA for Graduate Students in Social Sciences,resource,,,no,improve resolver / monitor,low,resolver candidate
/resources/grants-usa-graduate-students-building-labs,grants-usa-graduate-students-building-labs,Top Grants in the USA for Graduate Students Building Labs,resource,,,no,improve resolver / monitor,low,resolver candidate
/resources/hackathons-improve-scholarship-chances,hackathons-improve-scholarship-chances,How College Students Can Use Hackathons to Improve Scholarship Chances,resource,,,no,none,low,skip
/resources/hbcu-scholarships-international-students,hbcu-scholarships-international-students,Scholarships for International Students at HBCUs: Where to Look and How to Apply,resource,,,no,improve resolver / monitor,low,resolver candidate
/resources/how-international-students-can-study-in-usa-for-free,how-international-students-can-study-in-usa-for-free,A Complete Guide for International Students on How to Study in the USA for Free,resource,,,no,improve resolver / monitor,low,resolver candidate
/resources/how-to-find-scholarships-for-international-students,how-to-find-scholarships-for-international-students,A Comprehensive Guide to Finding Scholarships for International Students,resource,,,no,improve resolver / monitor,low,resolver candidate
/resources/how-to-get-scholarships-as-international-student-usa,how-to-get-scholarships-as-international-student-usa,A Comprehensive Guide to Securing Scholarships as an International Student in the USA,resource,,,no,improve resolver / monitor,low,resolver candidate
/resources/how-to-track-scholarships-international-students,how-to-track-scholarships-international-students,Essential Tools for Tracking Scholarships for International Students,resource,,,no,improve resolver / monitor,low,resolver candidate
/resources/how-to-verify-scholarship-legitimacy-international-students,how-to-verify-scholarship-legitimacy-international-students,How to Verify the Legitimacy of Scholarships for International Students,resource,,,no,improve resolver / monitor,low,resolver candidate
/resources/how-to-write-scholarship-essay-as-international-student,how-to-write-scholarship-essay-as-international-student,Crafting a Compelling Scholarship Essay as an International Student,resource,,,no,improve resolver / monitor,low,resolver candidate
/resources/international-business-mba-scholarships,international-business-mba-scholarships,Scholarships for International Students in Business and MBA Programs,resource,,,no,improve resolver / monitor,low,resolver candidate
/resources/international-mathematics-scholarships,international-mathematics-scholarships,Scholarships for International Students in Mathematics: Best Funding Options,resource,,,no,improve resolver / monitor,low,resolver candidate
/resources/international-phd-scholarships-usa,international-phd-scholarships-usa,Scholarships for International PhD Students in the USA: Funding Options and How to Apply,resource,,,no,improve resolver / monitor,low,resolver candidate
/resources/international-student-scholarship-application-mistakes,international-student-scholarship-application-mistakes,Common Mistakes International Students Make on Scholarship Applications,resource,,,no,improve resolver / monitor,low,resolver candidate
/resources/international-student-scholarships-december-deadlines,international-student-scholarships-december-deadlines,Scholarships for International Students With Deadlines in December,resource,,,no,improve resolver / monitor,low,resolver candidate
/resources/international-student-scholarships-february-deadlines,international-student-scholarships-february-deadlines,Scholarships for International Students With Deadlines in February,resource,,,no,improve resolver / monitor,low,resolver candidate
/resources/international-student-scholarships-january-deadlines,international-student-scholarships-january-deadlines,Scholarships for International Students With Deadlines in January,resource,,,no,improve resolver / monitor,low,resolver candidate
/resources/international-student-scholarships-may-deadlines,international-student-scholarships-may-deadlines,Scholarships for International Students With Deadlines in May,resource,,,no,improve resolver / monitor,low,resolver candidate
/resources/international-student-scholarships-november-deadlines,international-student-scholarships-november-deadlines,Scholarships for International Students With Deadlines in November,resource,,,no,improve resolver / monitor,low,resolver candidate
/resources/international-student-scholarships-october-deadlines,international-student-scholarships-october-deadlines,Scholarships for International Students With Deadlines in October,resource,,,no,improve resolver / monitor,low,resolver candidate
/resources/international-student-scholarships-september-deadlines,international-student-scholarships-september-deadlines,Scholarships for International Students With Deadlines in September,resource,,,no,improve resolver / monitor,low,resolver candidate
/resources/international-students-financial-aid-us-universities,international-students-financial-aid-us-universities,Can International Students Get Financial Aid at US Universities?,resource,,,no,improve resolver / monitor,low,resolver candidate
/resources/international-students-scholarships-usa,international-students-scholarships-usa,Can International Students Apply for Scholarships in the USA?,resource,,,no,improve resolver / monitor,low,resolver candidate
/resources/internships-improve-scholarship-chances,internships-improve-scholarship-chances,How College Students Can Use Internships to Improve Scholarship Chances,resource,,,no,none,low,skip
/resources/ivy-league-scholarships-international-students,ivy-league-scholarships-international-students,Scholarships for International Students at Ivy League Schools: What Aid Is Really Available,resource,,,no,improve resolver / monitor,low,resolver candidate
/resources/joint-japan-world-bank-scholarship-international-students,joint-japan-world-bank-scholarship-international-students,"Joint Japan World Bank Scholarship for International Students: Eligibility, Benefits, and How to Apply",resource,,,no,improve resolver / monitor,low,resolver candidate
/resources/keep-scholarship-usa-working-on-campus,keep-scholarship-usa-working-on-campus,How to Keep a Scholarship in the USA While Working on Campus,resource,,,no,improve resolver / monitor,low,resolver candidate
/resources/keep-scholarships-after-first-year-usa,keep-scholarships-after-first-year-usa,How College Students Can Keep Scholarships in the USA After First Year,resource,,,no,none,low,skip
/resources/last-minute-scholarships-usa-international-students,last-minute-scholarships-usa-international-students,Last Minute Scholarships in the USA Still Open for International Students,resource,,,no,improve resolver / monitor,low,resolver candidate
/resources/law-scholarships-international-students-usa,law-scholarships-international-students-usa,Scholarships for International Students Studying Law in the USA,resource,,,no,improve resolver / monitor,low,resolver candidate
/resources/long-tail-scholarship-topics-graduate-students-2026,long-tail-scholarship-topics-graduate-students-2026,Best Long-Tail Scholarship Topics for Graduate Students in 2026,resource,,,no,improve resolver / monitor,low,resolver candidate
/resources/long-tail-scholarship-topics-international-students-2026,long-tail-scholarship-topics-international-students-2026,Best Long-Tail Scholarship Topics for International Students in 2026,resource,,,no,improve resolver / monitor,low,resolver candidate
/resources/lose-scholarship-international-student,lose-scholarship-international-student,What to Do If You Lose Your Scholarship as an International Student,resource,,,no,improve resolver / monitor,low,resolver candidate
/resources/medical-scholarships-for-international-students-usa,medical-scholarships-for-international-students-usa,A Comprehensive Guide to Medical Scholarships for International Students in the USA,resource,,,no,improve resolver / monitor,low,resolver candidate
/resources/merit-based-scholarships-international-students-usa,merit-based-scholarships-international-students-usa,Merit-Based Scholarships for International Students in the USA: Real Options and How to Qualify,resource,,,no,improve resolver / monitor,low,resolver candidate
/resources/minority-graduate-scholarships-usa,minority-graduate-scholarships-usa,Scholarships in the USA for Graduate Students Who Are Minorities,resource,,,no,improve resolver / monitor,low,resolver candidate
/resources/minority-women-stem-scholarships-usa,minority-women-stem-scholarships-usa,Scholarships in the USA for Minority Women in STEM: Verified Programs and How to Apply,resource,,,no,improve resolver / monitor,low,resolver candidate
/resources/multiple-scholarships-international-student,multiple-scholarships-international-student,Can You Hold Multiple Scholarships at the Same Time as an International Student?,resource,,,no,improve resolver / monitor,low,resolver candidate
/resources/need-based-scholarships-international-students-usa,need-based-scholarships-international-students-usa,Need-Based Scholarships for International Students in the USA: What to Know,resource,,,no,improve resolver / monitor,low,resolver candidate
/resources/nih-research-grants-international-students,nih-research-grants-international-students,"NIH Research Grants Open to International Students: Eligibility, Limits, and Funding Paths",resource,,,no,improve resolver / monitor,low,resolver candidate
/resources/no-essay-scholarships-international-students-usa,no-essay-scholarships-international-students-usa,No Essay Scholarships for International Students in the USA: What to Know,resource,,,no,improve resolver / monitor,low,resolver candidate
/resources/no-essay-scholarships-usa-international-students,no-essay-scholarships-usa-international-students,No Essay Scholarships in the USA for International Students: Real Options to Apply For,resource,,,no,improve resolver / monitor,low,resolver candidate
/resources/nsf-programs-international-students,nsf-programs-international-students,NSF Programs Open to International Students: What You Can Actually Apply For,resource,,,no,improve resolver / monitor,low,resolver candidate
/resources/nursing-scholarships-for-international-students-usa,nursing-scholarships-for-international-students-usa,Comprehensive Guide to Nursing Scholarships for International Students in the USA,resource,,,no,improve resolver / monitor,low,resolver candidate
/resources/one-time-scholarships-international-students-usa,one-time-scholarships-international-students-usa,One-Time Scholarships for International Students in the USA: Where to Look and How to Apply,resource,,,no,improve resolver / monitor,low,resolver candidate
/resources/opt-students-us-scholarships,opt-students-us-scholarships,Can OPT Students Apply for US Scholarships? What International Graduates Should Know,resource,,,no,none,low,skip
/resources/organize-scholarship-search-international-student,organize-scholarship-search-international-student,How to Organize Your Scholarship Search as an International Student,resource,,,no,improve resolver / monitor,low,resolver candidate
/resources/part-time-student-scholarships-usa,part-time-student-scholarships-usa,Scholarships in the USA for College Students Who Study Part Time,resource,,,no,none,low,skip
/resources/pay-for-college-usa-international-student,pay-for-college-usa-international-student,How to Pay for College in the USA as an International Student,resource,,,no,improve resolver / monitor,low,resolver candidate
/resources/personal-statement-mistakes-international-students,personal-statement-mistakes-international-students,Top Scholarship Personal Statement Mistakes International Students Make and How to Avoid Them,resource,,,no,improve resolver / monitor,low,resolver candidate
/resources/prepare-scholarship-financial-documents-international-student,prepare-scholarship-financial-documents-international-student,How to Prepare Scholarship Financial Documents as an International Student,resource,,,no,improve resolver / monitor,low,resolver candidate
/resources/public-health-scholarships-for-international-students-usa,public-health-scholarships-for-international-students-usa,Comprehensive Guide to Public Health Scholarships for International Students in the USA,resource,,,no,improve resolver / monitor,low,resolver candidate
/resources/public-health-scholarships-international-students,public-health-scholarships-international-students,Scholarships for International Students in Public Health Programs,resource,,,no,improve resolver / monitor,low,resolver candidate
/resources/qualcomm-innovation-fellowship-international-students,qualcomm-innovation-fellowship-international-students,"Qualcomm Innovation Fellowship for International Students: Eligibility, Benefits, and How to Apply",resource,,,no,improve resolver / monitor,low,resolver candidate
/resources/qualify-departmental-scholarships-usa,qualify-departmental-scholarships-usa,How College Students Can Qualify for Departmental Scholarships in the USA,resource,,,no,none,low,skip
/resources/religious-organization-scholarships-usa-college-students,religious-organization-scholarships-usa-college-students,Scholarships in the USA for College Students Funded by Religious Organizations,resource,,,no,improve resolver / monitor,low,resolver candidate
/resources/renew-merit-scholarships-every-year-usa,renew-merit-scholarships-every-year-usa,How College Students Can Renew Merit Scholarships Every Year in the USA,resource,,,no,none,low,skip
/resources/renew-scholarship-international-student,renew-scholarship-international-student,How to Renew Your Scholarship as an International Student,resource,,,no,improve resolver / monitor,low,resolver candidate
/resources/renewable-scholarships-international-students-usa,renewable-scholarships-international-students-usa,Renewable Scholarships for International Students in the USA: Where to Find Multi-Year Funding,resource,,,no,improve resolver / monitor,low,resolver candidate
/resources/research-assistantships-usa-international-students,research-assistantships-usa-international-students,Research Assistantships for International Students in the USA: How They Work and How to Find Them,resource,,,no,improve resolver / monitor,low,resolver candidate
/resources/research-grants-international-students-usa,research-grants-international-students-usa,Research Grants for International Students in the USA: Where to Find Funding,resource,,,no,improve resolver / monitor,low,resolver candidate
/resources/resident-scholarships-after-moving-states,resident-scholarships-after-moving-states,How College Students Can Qualify for Resident Scholarships After Moving States,resource,,,no,none,low,skip
/resources/rotary-peace-fellowship-international-students,rotary-peace-fellowship-international-students,"Rotary Peace Fellowship for International Students: Eligibility, Benefits, and How to Apply",resource,,,no,improve resolver / monitor,low,resolver candidate
/resources/scholarship-amounts-international-students-usa,scholarship-amounts-international-students-usa,How Much Money Can International Students Get From Scholarships in the USA?,resource,,,no,improve resolver / monitor,low,resolver candidate
/resources/scholarship-application-checklist-college-students,scholarship-application-checklist-college-students,Scholarship Application Checklist for College Students: What to Prepare and When,resource,,,no,improve resolver / monitor,low,resolver candidate
/resources/scholarship-application-checklist-international-students,scholarship-application-checklist-international-students,Scholarship Application Checklist for International Students,resource,,,no,improve resolver / monitor,low,resolver candidate
/resources/scholarship-application-checklist-low-income-families,scholarship-application-checklist-low-income-families,Scholarship Application Checklist for Low Income Families: What to Prepare and When,resource,,,no,improve resolver / monitor,low,resolver candidate
/resources/scholarship-application-tips-international-students,scholarship-application-tips-international-students,Essential Scholarship Application Tips for International Students,resource,,,no,improve resolver / monitor,low,resolver candidate
/resources/scholarship-checklist-international-students,scholarship-checklist-international-students,Essential Scholarship Checklist for International Students,resource,,,no,improve resolver / monitor,low,resolver candidate
/resources/scholarship-essay-international-student,scholarship-essay-international-student,How to Write a Scholarship Essay as an International Student: Practical Tips That Work,resource,,,no,improve resolver / monitor,low,resolver candidate
/resources/scholarship-faq-international-students-visa-support,scholarship-faq-international-students-visa-support,Scholarship FAQ for International Students Who Need Visa Support,resource,,,no,improve resolver / monitor,low,resolver candidate
/resources/scholarship-interview-tips-international-students,scholarship-interview-tips-international-students,Essential Scholarship Interview Tips for International Students,resource,,,no,improve resolver / monitor,low,resolver candidate
/resources/scholarship-motivation-letter-examples-graduate-students,scholarship-motivation-letter-examples-graduate-students,Best Scholarship Motivation Letter Examples for Graduate Students,resource,,,no,improve resolver / monitor,low,resolver candidate
/resources/scholarship-recommendation-letter-international-student,scholarship-recommendation-letter-international-student,How to Get a Scholarship Recommendation Letter as an International Student,resource,,,no,improve resolver / monitor,low,resolver candidate
/resources/scholarship-resume-international-student,scholarship-resume-international-student,How to Build a Scholarship Resume as an International Student,resource,,,no,improve resolver / monitor,low,resolver candidate
/resources/scholarship-scam-red-flags-fake-university-reps,scholarship-scam-red-flags-fake-university-reps,Scholarship Scam Red Flags: How to Identify Fake University Representatives,resource,,,no,improve resolver / monitor,low,resolver candidate
/resources/scholarship-scam-red-flags-international-applicants-usa,scholarship-scam-red-flags-international-applicants-usa,Scholarship Scam Red Flags for International Applicants to the USA,resource,,,no,improve resolver / monitor,low,resolver candidate
/resources/scholarship-scams-international-students-how-to-avoid,scholarship-scams-international-students-how-to-avoid,Scholarship scams international students how to avoid,resource,,,no,improve resolver / monitor,low,resolver candidate
/resources/scholarship-transparency-checklist-graduate-applicants,scholarship-transparency-checklist-graduate-applicants,Scholarship Transparency Checklist for Graduate Applicants,resource,,,no,improve resolver / monitor,low,resolver candidate
/resources/scholarship-transparency-checklist-stem-students,scholarship-transparency-checklist-stem-students,Scholarship Transparency Checklist for STEM Students,resource,,,no,improve resolver / monitor,low,resolver candidate
/resources/scholarship-trust-international-students,scholarship-trust-international-students,Why Scholarship Trust Matters More for International Students,resource,,,no,improve resolver / monitor,low,resolver candidate
/resources/scholarship-trust-signals-international-offices,scholarship-trust-signals-international-offices,Scholarship Trust Signals International Offices Should Look For,resource,,,no,improve resolver / monitor,low,resolver candidate
/resources/scholarship-trust-signals-university-websites,scholarship-trust-signals-university-websites,Scholarship Trust Signals on University Websites: How Students Can Check Legitimacy,resource,,,no,improve resolver / monitor,low,resolver candidate
/resources/scholarships-after-changing-majors-usa,scholarships-after-changing-majors-usa,How College Students Can Get Scholarships in the USA After Changing Majors,resource,,,no,none,low,skip
/resources/scholarships-after-losing-family-income,scholarships-after-losing-family-income,How College Students Can Find Scholarships After Losing Family Income,resource,,,no,none,low,skip
/resources/scholarships-after-low-gpa-recovery-usa,scholarships-after-low-gpa-recovery-usa,How College Students Can Get Scholarships in the USA After Low GPA Recovery,resource,,,no,none,low,skip
/resources/scholarships-com-alternatives-for-international-students,scholarships-com-alternatives-for-international-students,Exploring Alternatives to Scholarships.com for International Students,resource,,,no,improve resolver / monitor,low,resolver candidate
/resources/scholarships-cover-health-insurance-international-students,scholarships-cover-health-insurance-international-students,Scholarships That Cover Health Insurance for International Students,resource,,,no,improve resolver / monitor,low,resolver candidate
/resources/scholarships-cover-travel-costs-international-students,scholarships-cover-travel-costs-international-students,Scholarships That Cover Travel Costs for International Students,resource,,,no,improve resolver / monitor,low,resolver candidate
/resources/scholarships-developing-countries,scholarships-developing-countries,Scholarships for International Students from Developing Countries: Best Funding Options,resource,,,no,none,low,skip
/resources/scholarships-grants-fellowships-international-students,scholarships-grants-fellowships-international-students,"Difference Between Scholarships, Grants, and Fellowships for International Students",resource,,,no,improve resolver / monitor,low,resolver candidate
/resources/scholarships-in-usa-for-international-students,scholarships-in-usa-for-international-students,Scholarships in the USA for International Students,resource,,,no,none,low,keep hidden
/resources/scholarships-international-students-disabilities,scholarships-international-students-disabilities,Scholarships for International Students with Disabilities: Funding Options and How to Apply,resource,,,no,improve resolver / monitor,low,resolver candidate
/resources/scholarships-international-students-education,scholarships-international-students-education,Scholarships for International Students in Education: Real Funding Options,resource,,,no,improve resolver / monitor,low,resolver candidate
/resources/scholarships-international-students-nursing,scholarships-international-students-nursing,Scholarships for International Students in Nursing: Where to Find Real Funding,resource,,,no,improve resolver / monitor,low,resolver candidate
/resources/scholarships-international-students-us,scholarships-international-students-us,Scholarships for International Students in the US: Best Options and How to Apply,resource,,,no,improve resolver / monitor,low,resolver candidate
/resources/scholarships-international-women-usa,scholarships-international-women-usa,Scholarships for International Women Studying in the USA: Real Funding Options,resource,,,no,improve resolver / monitor,low,resolver candidate
/resources/scholarships-liberal-arts-colleges-usa,scholarships-liberal-arts-colleges-usa,How to Get Scholarships in Liberal Arts Colleges in the USA,resource,,,no,improve resolver / monitor,low,resolver candidate
/resources/scholarships-living-expenses-international-students,scholarships-living-expenses-international-students,Scholarships That Cover Living Expenses for International Students: Best Fully Funded Options,resource,,,no,improve resolver / monitor,low,resolver candidate
/resources/scholarships-no-gpa-international-students,scholarships-no-gpa-international-students,Scholarships With No GPA Requirement for International Students,resource,,,no,improve resolver / monitor,low,resolver candidate
/resources/scholarships-stem-students-usa,scholarships-stem-students-usa,Scholarships for STEM Students in the USA: Best Funding Options and How to Apply,resource,,,no,improve resolver / monitor,low,resolver candidate
/resources/scholarships-taxable-international-students-usa,scholarships-taxable-international-students-usa,Are Scholarships Taxable for International Students in the USA?,resource,,,no,improve resolver / monitor,low,resolver candidate
/resources/scholarships-usa-accelerated-college-programs,scholarships-usa-accelerated-college-programs,Top Scholarships in the USA for College Students in Accelerated Programs,resource,,,no,improve resolver / monitor,low,resolver candidate
/resources/scholarships-usa-college-students-living-off-campus,scholarships-usa-college-students-living-off-campus,Scholarships in the USA for College Students Living Off Campus,resource,,,no,improve resolver / monitor,low,resolver candidate
/resources/scholarships-usa-community-college-students,scholarships-usa-community-college-students,Top Scholarships in the USA for Community College Students in 2024,resource,,,no,improve resolver / monitor,low,resolver candidate
/resources/scholarships-usa-dancers,scholarships-usa-dancers,"Scholarships in the USA for Dancers: College, Ballet, and Performing Arts Funding",resource,,,no,none,low,skip
/resources/scholarships-usa-first-generation-college-students,scholarships-usa-first-generation-college-students,Top Scholarships in the USA for First Generation College Students,resource,,,no,improve resolver / monitor,low,resolver candidate
/resources/scholarships-usa-first-generation-immigrant-families,scholarships-usa-first-generation-immigrant-families,Top Scholarships in the USA for First Generation Immigrant Families,resource,,,no,improve resolver / monitor,low,resolver candidate
/resources/scholarships-usa-graduate-entrepreneurs,scholarships-usa-graduate-entrepreneurs,Top Scholarships in the USA for Graduate Students Who Are Entrepreneurs,resource,,,no,improve resolver / monitor,low,resolver candidate
/resources/scholarships-usa-gymnasts,scholarships-usa-gymnasts,"Scholarships in the USA for Gymnasts: College Funding, NCAA Options, and Recruiting Tips",resource,,,no,none,low,skip
/resources/scholarships-usa-immigrant-college-students,scholarships-usa-immigrant-college-students,Top Scholarships in the USA for College Students Who Are Immigrants,resource,,,no,improve resolver / monitor,low,resolver candidate
/resources/scholarships-usa-international-students-no-ielts-2026,scholarships-usa-international-students-no-ielts-2026,Top Scholarships in the USA for International Students Without IELTS in 2026,resource,,,no,improve resolver / monitor,low,resolver candidate
/resources/scholarships-usa-low-income-students,scholarships-usa-low-income-students,Top Scholarships in the USA for Low-Income Students: Financial Aid Opportunities,resource,,,no,improve resolver / monitor,low,resolver candidate
/resources/scholarships-usa-returning-college-students,scholarships-usa-returning-college-students,Top Scholarships in the USA for College Students Returning After a Gap,resource,,,no,improve resolver / monitor,low,resolver candidate
/resources/scholarships-usa-single-fathers-college,scholarships-usa-single-fathers-college,Top Scholarships in the USA for Single Fathers Pursuing College,resource,,,no,improve resolver / monitor,low,resolver candidate
/resources/scholarships-usa-single-mothers-college,scholarships-usa-single-mothers-college,Scholarships in the USA for Single Mothers in College: Real Funding Options,resource,,,no,improve resolver / monitor,low,resolver candidate
/resources/scholarships-usa-stem-students,scholarships-usa-stem-students,Scholarships in the USA for STEM Students: Best Options and How to Apply,resource,,,no,improve resolver / monitor,low,resolver candidate
/resources/scholarships-usa-swimmers,scholarships-usa-swimmers,Scholarships in the USA for Swimmers: College Funding Options and How to Qualify,resource,,,no,none,low,skip
/resources/scholarshiptop-vs-fastweb-international-students,scholarshiptop-vs-fastweb-international-students,Comparing ScholarshipTop and Fastweb for International Students,resource,,,no,improve resolver / monitor,low,resolver candidate
/resources/state-university-scholarships-international-students,state-university-scholarships-international-students,Scholarships for International Students at State Universities: Where to Look and How to Apply,resource,,,no,improve resolver / monitor,low,resolver candidate
/resources/stem-scholarship-personal-statement-examples,stem-scholarship-personal-statement-examples,Best Scholarship Personal Statement Examples for STEM Students,resource,,,no,improve resolver / monitor,low,resolver candidate
/resources/stem-scholarships-guide,stem-scholarships-guide,STEM Scholarships Guide,resource,,,no,none,low,keep hidden
/resources/summer-semester-scholarships-usa-college-students,summer-semester-scholarships-usa-college-students,Top Scholarships in the USA for College Students Attending Summer Semesters,resource,,,no,improve resolver / monitor,low,resolver candidate
/resources/teaching-assistantships-international-students,teaching-assistantships-international-students,Teaching Assistantships for International Students: How They Work,resource,,,no,improve resolver / monitor,low,resolver candidate
/resources/toefl-score-us-scholarships,toefl-score-us-scholarships,Do You Need a TOEFL Score for US Scholarships? What International Students Should Know,resource,,,no,none,low,skip
/resources/track-scholarship-deadlines-international-student,track-scholarship-deadlines-international-student,How to Track Scholarship Deadlines as an International Student,resource,,,no,improve resolver / monitor,low,resolver candidate
/resources/transfer-student-scholarships-usa,transfer-student-scholarships-usa,How College Students Can Get Scholarships in the USA After Transferring,resource,,,no,none,low,skip
/resources/trusted-fast-decision-scholarships-usa,trusted-fast-decision-scholarships-usa,Trusted Scholarships in the USA for College Students With Fast Decisions,resource,,,no,none,low,skip
/resources/trusted-merit-scholarships-usa-college-students,trusted-merit-scholarships-usa-college-students,Trusted Scholarships in the USA for College Students With Merit-Based Support,resource,,,no,improve resolver / monitor,low,resolver candidate
/resources/trusted-need-based-scholarships-usa,trusted-need-based-scholarships-usa,Trusted Scholarships in the USA for College Students With Need-Based Support,resource,,,no,none,low,skip
/resources/trusted-renewable-scholarships-usa-college-students,trusted-renewable-scholarships-usa-college-students,Trusted Renewable Scholarships in the USA for College Students,resource,,,no,improve resolver / monitor,low,resolver candidate
/resources/trusted-usa-graduate-scholarships-donor-transparency,trusted-usa-graduate-scholarships-donor-transparency,Trusted Scholarships in the USA for Graduate Students With Donor Transparency,resource,,,no,improve resolver / monitor,low,resolver candidate
/resources/trusted-usa-graduate-scholarships-verified-alumni-outcomes,trusted-usa-graduate-scholarships-verified-alumni-outcomes,Trusted Scholarships in the USA for Graduate Students With Verified Alumni Outcomes,resource,,,no,improve resolver / monitor,low,resolver candidate
/resources/trusted-usa-scholarships-published-winners,trusted-usa-scholarships-published-winners,Trusted Scholarships in the USA for College Students With Published Winners,resource,,,no,none,low,skip
/resources/tuition-waiver-vs-scholarship-international-students,tuition-waiver-vs-scholarship-international-students,Tuition Waiver vs Scholarship: What’s the Difference for International Students?,resource,,,no,improve resolver / monitor,low,resolver candidate
/resources/tutoring-experience-scholarship-chances,tutoring-experience-scholarship-chances,How College Students Can Use Tutoring Experience to Improve Scholarship Chances,resource,,,no,none,low,skip
/resources/un-scholarships-international-students,un-scholarships-international-students,UN Scholarships for International Students: Real Study Opportunities and Funding Paths,resource,,,no,improve resolver / monitor,low,resolver candidate
/resources/unesco-fellowships-international-students,unesco-fellowships-international-students,UNESCO Fellowships for International Students: What to Know and How to Apply,resource,,,no,improve resolver / monitor,low,resolver candidate
/resources/university-emergency-grants-international-students,university-emergency-grants-international-students,How to Apply for University Emergency Grants as an International Student,resource,,,no,improve resolver / monitor,low,resolver candidate
/resources/university-vs-external-scholarships-usa,university-vs-external-scholarships-usa,"University Scholarships vs External Scholarships in the USA: Key Differences, Pros, and How to Choose",resource,,,no,improve resolver / monitor,low,resolver candidate
/resources/us-engineering-scholarships-no-experience,us-engineering-scholarships-no-experience,Top Scholarships in the USA for Engineering Students Without Experience,resource,,,no,improve resolver / monitor,low,resolver candidate
/resources/usa-alumni-donor-scholarships-college-students,usa-alumni-donor-scholarships-college-students,Scholarships in the USA for College Students Funded by Alumni Donors,resource,,,no,improve resolver / monitor,low,resolver candidate
/resources/usa-college-freshmen-strong-grades-scholarships,usa-college-freshmen-strong-grades-scholarships,Scholarships in the USA for College Freshmen With Strong Grades,resource,,,no,improve resolver / monitor,low,resolver candidate
/resources/usa-college-grants-financial-hardship,usa-college-grants-financial-hardship,Grants in the USA for College Students Facing Financial Hardship,resource,,,no,improve resolver / monitor,low,resolver candidate
/resources/usa-college-juniors-studying-abroad-scholarships,usa-college-juniors-studying-abroad-scholarships,Scholarships in the USA for College Juniors Studying Abroad: Real Funding Options,resource,,,no,improve resolver / monitor,low,resolver candidate
/resources/usa-college-leadership-scholarships,usa-college-leadership-scholarships,Scholarships in the USA for College Students With Campus Leadership Roles,resource,,,no,improve resolver / monitor,low,resolver candidate
/resources/usa-college-senior-scholarships-debt-free,usa-college-senior-scholarships-debt-free,Scholarships in the USA for College Seniors Finishing Degree Debt Free,resource,,,no,improve resolver / monitor,low,resolver candidate
/resources/usa-college-sophomore-renewal-scholarships,usa-college-sophomore-renewal-scholarships,Scholarships in the USA for College Sophomores Looking for Renewal Funding,resource,,,no,improve resolver / monitor,low,resolver candidate
/resources/usa-college-student-capstone-project-grants,usa-college-student-capstone-project-grants,Grants in the USA for College Students Funding Capstone Projects,resource,,,no,improve resolver / monitor,low,resolver candidate
/resources/usa-college-student-conference-funding-grants,usa-college-student-conference-funding-grants,Grants in the USA for College Students Funding Conference Participation,resource,,,no,improve resolver / monitor,low,resolver candidate
/resources/usa-college-student-research-travel-grants,usa-college-student-research-travel-grants,Grants in the USA for College Students Funding Research Travel,resource,,,no,improve resolver / monitor,low,resolver candidate
/resources/usa-college-textbook-support-grants,usa-college-textbook-support-grants,Grants in the USA for College Students Needing Textbook Support,resource,,,no,improve resolver / monitor,low,resolver candidate
/resources/usa-community-college-transfer-scholarships,usa-community-college-transfer-scholarships,Scholarships in the USA for Community College Students Transferring to University,resource,,,no,improve resolver / monitor,low,resolver candidate
/resources/usa-dual-degree-scholarships,usa-dual-degree-scholarships,Scholarships in the USA for College Students in Dual Degree Programs,resource,,,no,none,low,skip
/resources/usa-engineering-student-scholarships,usa-engineering-student-scholarships,Scholarships in the USA for Engineering Students: Best Options and How to Apply,resource,,,no,improve resolver / monitor,low,resolver candidate
/resources/usa-foster-care-student-scholarships,usa-foster-care-student-scholarships,Scholarships in the USA for College Students From Foster Care Backgrounds,resource,,,no,none,low,skip
/resources/usa-full-ride-scholarships-college-students,usa-full-ride-scholarships-college-students,Scholarships in the USA for College Students With Full Ride Opportunities,resource,,,no,improve resolver / monitor,low,resolver candidate
/resources/usa-graduate-nursing-scholarships,usa-graduate-nursing-scholarships,Scholarships in the USA for Graduate Students Who Are Nurses: Real Funding Options,resource,,,no,improve resolver / monitor,low,resolver candidate
/resources/usa-graduate-scholarships-for-teachers,usa-graduate-scholarships-for-teachers,Scholarships in the USA for Graduate Students Who Are Teachers: Real Funding Options,resource,,,no,improve resolver / monitor,low,resolver candidate
/resources/usa-graduate-scholarships-full-tuition,usa-graduate-scholarships-full-tuition,Scholarships in the USA for Graduate Students Who Need Full Tuition Coverage,resource,,,no,improve resolver / monitor,low,resolver candidate
/resources/usa-graduate-scholarships-health-insurance,usa-graduate-scholarships-health-insurance,Trusted Scholarships in the USA for Graduate Students With Health Insurance,resource,,,no,improve resolver / monitor,low,resolver candidate
/resources/usa-graduate-scholarships-industry-experience,usa-graduate-scholarships-industry-experience,Best Scholarships in the USA for Graduate Students With Industry Experience,resource,,,no,improve resolver / monitor,low,resolver candidate
/resources/usa-graduate-scholarships-travel-grants,usa-graduate-scholarships-travel-grants,Trusted Scholarships in the USA for Graduate Students With Travel Grants,resource,,,no,improve resolver / monitor,low,resolver candidate
/resources/usa-graduate-scholarships-veterans,usa-graduate-scholarships-veterans,Scholarships in the USA for Graduate Students Who Are Veterans,resource,,,no,improve resolver / monitor,low,resolver candidate
/resources/usa-graduate-social-work-scholarships,usa-graduate-social-work-scholarships,Scholarships in the USA for Graduate Students Who Are Social Workers,resource,,,no,improve resolver / monitor,low,resolver candidate
/resources/usa-graduate-student-conference-grants,usa-graduate-student-conference-grants,Grants in the USA for Graduate Students Attending Conferences,resource,,,no,improve resolver / monitor,low,resolver candidate
/resources/usa-graduate-student-publication-grants,usa-graduate-student-publication-grants,Grants in the USA for Graduate Students Publishing Papers: Funding Options and How to Apply,resource,,,no,improve resolver / monitor,low,resolver candidate
/resources/usa-graduate-thesis-grants,usa-graduate-thesis-grants,Grants in the USA for Graduate Students Writing Theses: Real Funding Options,resource,,,no,improve resolver / monitor,low,resolver candidate
/resources/usa-grants-graduate-students-field-research,usa-grants-graduate-students-field-research,Grants in the USA for Graduate Students Doing Field Research,resource,,,no,improve resolver / monitor,low,resolver candidate
/resources/usa-honors-program-scholarships,usa-honors-program-scholarships,Scholarships in the USA for College Students in Honors Programs,resource,,,no,none,low,skip
/resources/usa-international-student-debate-scholarships,usa-international-student-debate-scholarships,Scholarships in the USA for International Students with Debate Awards,resource,,,no,improve resolver / monitor,low,resolver candidate
/resources/usa-medical-nursing-scholarships,usa-medical-nursing-scholarships,Scholarships in the USA for Medical and Nursing Students: Trusted Funding Options,resource,,,no,improve resolver / monitor,low,resolver candidate
/resources/usa-men-nursing-scholarships,usa-men-nursing-scholarships,Scholarships in the USA for Men in Nursing: Real Funding Options and How to Apply,resource,,,no,improve resolver / monitor,low,resolver candidate
/resources/usa-online-college-student-scholarships,usa-online-college-student-scholarships,Scholarships in the USA for College Students Who Study Online,resource,,,no,improve resolver / monitor,low,resolver candidate
/resources/usa-portfolio-scholarships-international-students,usa-portfolio-scholarships-international-students,Scholarships in the USA for International Students With Portfolio Only,resource,,,no,improve resolver / monitor,low,resolver candidate
/resources/usa-professional-association-scholarships,usa-professional-association-scholarships,Scholarships in the USA for College Students Funded by Professional Associations,resource,,,no,none,low,skip
/resources/usa-robotics-team-leader-scholarships,usa-robotics-team-leader-scholarships,Scholarships in the USA for Robotics Team Leaders: Real Opportunities for STEM Student Leaders,resource,,,no,none,low,skip
/resources/usa-rowing-scholarships,usa-rowing-scholarships,Scholarships in the USA for Rowers: What to Know About College Rowing Aid,resource,,,no,none,low,skip
/resources/usa-scholarships-college-students-avoiding-student-loans,usa-scholarships-college-students-avoiding-student-loans,Scholarships in the USA for College Students Avoiding Student Loans,resource,,,no,improve resolver / monitor,low,resolver candidate
/resources/usa-scholarships-college-students-living-on-campus,usa-scholarships-college-students-living-on-campus,Scholarships in the USA for College Students Living on Campus,resource,,,no,improve resolver / monitor,low,resolver candidate
/resources/usa-scholarships-college-students-nonprofit-experience,usa-scholarships-college-students-nonprofit-experience,Scholarships in the USA for College Students With Nonprofit Experience,resource,,,no,improve resolver / monitor,low,resolver candidate
/resources/usa-scholarships-college-students-startup-projects,usa-scholarships-college-students-startup-projects,Scholarships in the USA for College Students With Startup Projects,resource,,,no,improve resolver / monitor,low,resolver candidate
/resources/usa-scholarships-cover-living-expenses-international-students,usa-scholarships-cover-living-expenses-international-students,Scholarships in the USA That Cover Living Expenses for International Students,resource,,,no,improve resolver / monitor,low,resolver candidate
/resources/usa-scholarships-first-generation-school-students,usa-scholarships-first-generation-school-students,Scholarships in the USA for School Students Who Are First in Family to Study Abroad,resource,,,no,improve resolver / monitor,low,resolver candidate
/resources/usa-scholarships-foster-care-students,usa-scholarships-foster-care-students,"Scholarships in the USA for Students From Foster Care: Grants, Waivers, and College Funding Options",resource,,,no,none,low,skip
/resources/usa-scholarships-high-school-sophomores-college-profiles,usa-scholarships-high-school-sophomores-college-profiles,Scholarships in the USA for High School Sophomores Building College Profiles,resource,,,no,improve resolver / monitor,low,resolver candidate
/resources/usa-scholarships-international-students-community-service,usa-scholarships-international-students-community-service,Scholarships in the USA for International Students With Community Service,resource,,,no,improve resolver / monitor,low,resolver candidate
/resources/usa-scholarships-international-students-interview,usa-scholarships-international-students-interview,Scholarships in the USA for International Students With Interview Only: What to Know,resource,,,no,improve resolver / monitor,low,resolver candidate
/resources/usa-scholarships-international-students-leadership,usa-scholarships-international-students-leadership,Scholarships in the USA for International Students With Leadership Experience,resource,,,no,improve resolver / monitor,low,resolver candidate
/resources/usa-scholarships-international-students-low-gpa,usa-scholarships-international-students-low-gpa,Best Scholarships in the USA for International Students With Low GPA,resource,,,no,improve resolver / monitor,low,resolver candidate
/resources/usa-scholarships-international-students-research-experience,usa-scholarships-international-students-research-experience,Scholarships in the USA for International Students With Research Experience,resource,,,no,improve resolver / monitor,low,resolver candidate
/resources/usa-scholarships-international-students-startup-projects,usa-scholarships-international-students-startup-projects,Scholarships in the USA for International Students With Startup Projects,resource,,,no,improve resolver / monitor,low,resolver candidate
/resources/usa-scholarships-international-students-without-act,usa-scholarships-international-students-without-act,Scholarships in the USA for International Students Without ACT: Real Options and How to Apply,resource,,,no,improve resolver / monitor,low,resolver candidate
/resources/usa-scholarships-international-students-without-sat,usa-scholarships-international-students-without-sat,Scholarships in the USA for International Students Without SAT: Real Options and How to Qualify,resource,,,no,improve resolver / monitor,low,resolver candidate
/resources/usa-scholarships-low-income-international-students,usa-scholarships-low-income-international-students,Scholarships in the USA for Low Income International Students: Real Funding Options,resource,,,no,improve resolver / monitor,low,resolver candidate
/resources/usa-scholarships-low-income-urban-students,usa-scholarships-low-income-urban-students,Scholarships in the USA for Students From Low-Income Urban Neighborhoods,resource,,,no,improve resolver / monitor,low,resolver candidate
/resources/usa-scholarships-military-family-college-students,usa-scholarships-military-family-college-students,Scholarships in the USA for College Students From Military Families,resource,,,no,improve resolver / monitor,low,resolver candidate
/resources/usa-scholarships-monthly-stipend-international-students,usa-scholarships-monthly-stipend-international-students,Scholarships in the USA With Monthly Stipend for International Students,resource,,,no,improve resolver / monitor,low,resolver candidate
/resources/usa-scholarships-published-research,usa-scholarships-published-research,How College Students Can Get Scholarships in the USA With Published Research,resource,,,no,none,low,skip
/resources/usa-scholarships-research-assistant-experience,usa-scholarships-research-assistant-experience,Scholarships in the USA for College Students With Research Assistant Experience,resource,,,no,none,low,skip
/resources/usa-scholarships-working-full-time-college-students,usa-scholarships-working-full-time-college-students,Scholarships in the USA for College Students Working Full Time,resource,,,no,improve resolver / monitor,low,resolver candidate
/resources/usa-school-student-international-exchange-grants,usa-school-student-international-exchange-grants,Grants for School Students in the USA for International Exchange: Real Funding Options,resource,,,no,improve resolver / monitor,low,resolver candidate
/resources/usa-tennis-player-scholarships,usa-tennis-player-scholarships,Scholarships in the USA for Tennis Players: College Options and How to Qualify,resource,,,no,none,low,skip
/resources/usa-transfer-student-scholarships-community-college,usa-transfer-student-scholarships-community-college,Scholarships in the USA for Transfer Students From Community College,resource,,,no,improve resolver / monitor,low,resolver candidate
/resources/usa-volleyball-scholarships,usa-volleyball-scholarships,Scholarships in the USA for Volleyball Players: College Options and How to Qualify,resource,,,no,none,low,skip
/resources/usa-vs-canada-scholarships-which-is-better,usa-vs-canada-scholarships-which-is-better,USA vs Canada Scholarships: Which Is Better for International Students?,resource,,,no,none,low,skip
/resources/usa-women-stem-graduate-scholarships,usa-women-stem-graduate-scholarships,Scholarships in the USA for Graduate Students Who Are Women in STEM,resource,,,no,improve resolver / monitor,low,resolver candidate
/resources/verify-awards-with-university-financial-aid-offices,verify-awards-with-university-financial-aid-offices,How to Use University Financial Aid Offices to Verify Awards,resource,,,no,improve resolver / monitor,low,resolver candidate
/resources/volunteer-hours-improve-scholarship-chances,volunteer-hours-improve-scholarship-chances,How College Students Can Use Volunteer Hours to Improve Scholarship Chances,resource,,,no,none,low,skip
/resources/who-scholarships-international-public-health-students,who-scholarships-international-public-health-students,WHO Scholarships for International Public Health Students: Real Funding Options and Alternatives,resource,,,no,improve resolver / monitor,low,resolver candidate
/resources/win-local-scholarships-college-students-usa,win-local-scholarships-college-students-usa,How College Students Can Win Local Scholarships While Studying in the USA,resource,,,no,improve resolver / monitor,low,resolver candidate
/resources/win-national-scholarships-while-studying-in-usa,win-national-scholarships-while-studying-in-usa,How College Students Can Win National Scholarships While Studying in the USA,resource,,,no,none,low,skip
/resources/world-bank-scholarships-international-students,world-bank-scholarships-international-students,"World Bank Scholarships for International Students: Programs, Eligibility, and How to Apply",resource,,,no,improve resolver / monitor,low,resolver candidate
/resources/write-better-scholarship-essays-usa,write-better-scholarship-essays-usa,How College Students Can Write Better Scholarship Essays for the USA,resource,,,no,none,low,skip
/resources/write-financial-need-statement-scholarship,write-financial-need-statement-scholarship,How to Write a Financial Need Statement for Scholarship Applications,resource,,,no,improve resolver / monitor,low,resolver candidate
