url,type,sourceType,score,status,titleLength,metaDescriptionLength,scholarshipResultsCount,indexable,issues
/scholarships/for-women,listing,internal,100,good,38,142,79,true,
/scholarships/out-of-state-tuition-award-3ssjelptojsq,scholarship,internal,100,good,65,160,1,true,
/scholarships/kia-america-hacu-steam-scholarship-8005q41eyewu,scholarship,internal,100,good,64,160,1,true,
/scholarships/stephen-phillips-memorial-scholarship-8qgrmeqhcacw,scholarship,internal,100,good,65,154,1,true,
/scholarships/international-student-scholarship-hreyyf4gt3tu,scholarship,internal,100,good,65,154,1,true,
/scholarships/herbert-lehman-education-fund-scholarship-for-graduates-hxwyylta6kk2,scholarship,internal,100,good,65,158,1,true,
/scholarships/provost-award-md4hn1cfxte7,scholarship,internal,100,good,65,153,1,true,
/scholarships/coco-gauff-tennis-scholarship-oxpljf22s4th,scholarship,internal,100,good,62,153,1,true,
/scholarships/hope-scholarship-pgwpjkkya1q7,scholarship,internal,100,good,65,154,1,true,
/scholarships/nike-hbcu-scholarship-qvyi3vk0ewwt,scholarship,internal,100,good,57,147,1,true,
/scholarships/all-star-college-scholarship-xk33znoi7win,scholarship,internal,100,good,61,142,1,true,
/scholarships/cheniere-hbcu-scholarship-program-xueyywtld0gl,scholarship,internal,100,good,65,144,1,true,
/scholarships/gigi-and-louise-gartner-scholarship-y4tgxt88f56k,scholarship,internal,100,good,64,160,1,true,
/scholarships/nrg-hbcu-excellence-in-education-scholarship-program-ype0jvcaw1x2,scholarship,internal,100,good,64,160,1,true,
/scholarships/rgi-scholarship-for-geospatial-and-engineering-agmszzyhpy7t,scholarship,internal,100,good,64,136,1,true,
/scholarships/anne-maureen-whitney-barrow-memorial-scholarship-coc4lpopvpam,scholarship,internal,100,good,65,152,1,true,
/scholarships/gabriel-a-hartl-scholarship-ioiorv9lp9bb,scholarship,internal,100,good,61,160,1,true,
/scholarships/robert-b-mcmillen-foundation-art-scholarship-luf8bsuya2zw,scholarship,internal,100,good,65,156,1,true,
/scholarships/paul-tsongas-scholarship-mxzdsqh3ohkk,scholarship,internal,100,good,57,160,1,true,
/scholarships/motorola-solutions-foundation-engineering-pathways-scholarship-noppoccrwsid,scholarship,internal,100,good,65,159,1,true,
/scholarships/west-virginia-national-guard-educational-encouragement-scholarship-pucxg8b68tzs,scholarship,internal,100,good,64,160,1,true,
/resources,article,internal,55,bad,37,102,,true,result_count_unavailable_internal_context|meta_description_length_out_of_range|faq_missing
/essays,essay,internal,40,bad,24,82,,true,result_count_unavailable_internal_context|title_length_out_of_range|meta_description_length_out_of_range|faq_missing
/essays/how-to-write-lee-a-christy-endowed-scholarship-scholarship-essay,essay,internal,50,bad,66,99,,true,result_count_unavailable_internal_context|title_length_out_of_range|meta_description_length_out_of_range
/essays/how-to-write-david-e-mrizek-scholarship-scholarship-essay,essay,internal,50,bad,67,98,,true,result_count_unavailable_internal_context|title_length_out_of_range|meta_description_length_out_of_range
/essays/how-to-write-san-antonio-light-endowed-scholarship-scholarship-essay,essay,internal,50,bad,69,97,,true,result_count_unavailable_internal_context|title_length_out_of_range|meta_description_length_out_of_range
/essays/how-to-write-juan-ortiz-mariachi-academy-scholarship-scholarship-essay,essay,internal,50,bad,67,116,,true,result_count_unavailable_internal_context|title_length_out_of_range|meta_description_length_out_of_range
/essays/how-to-write-new-jersey-state-elks-vocational-scholarship-scholarship-essay,essay,internal,50,bad,70,106,,true,result_count_unavailable_internal_context|title_length_out_of_range|meta_description_length_out_of_range
/essays/how-to-write-general-foundation-scholarship-fund-scholarship-essay,essay,internal,65,medium,62,107,,true,result_count_unavailable_internal_context|meta_description_length_out_of_range
/essays/how-to-write-woman-s-club-of-aurora-nursing-scholarship-scholarship-essay,essay,internal,50,bad,74,117,,true,result_count_unavailable_internal_context|title_length_out_of_range|meta_description_length_out_of_range
/essays/how-to-write-tourism-hospitality-culinary-arts-thca-scholarship-scholarship-essay,essay,internal,65,medium,40,107,,true,result_count_unavailable_internal_context|meta_description_length_out_of_range
/essays/how-to-write-harold-d-carpenter-scholarship-scholarship-essay,essay,internal,65,medium,61,97,,true,result_count_unavailable_internal_context|meta_description_length_out_of_range
/essays/how-to-write-the-dennis-b-and-susan-lamb-cook-endowed-scholarship-in-the-school-of-la-scholarship-essay,essay,internal,65,medium,56,113,,true,result_count_unavailable_internal_context|meta_description_length_out_of_range
/essays/how-to-write-dr-thomas-soltz-scholarship-scholarship-essay,essay,internal,65,medium,60,103,,true,result_count_unavailable_internal_context|meta_description_length_out_of_range
/essays/how-to-write-delphine-rutkowski-memorial-scholarship-scholarship-essay,essay,internal,65,medium,58,114,,true,result_count_unavailable_internal_context|meta_description_length_out_of_range
/essays/how-to-write-michigan-nutrition-and-dietetics-institute-scholarship-scholarship-essay,essay,internal,85,good,58,129,,true,result_count_unavailable_internal_context
/essays/how-to-write-mary-e-kreppel-scholarship-scholarship-essay,essay,internal,65,medium,55,104,,true,result_count_unavailable_internal_context|meta_description_length_out_of_range
/essays/how-to-write-kao-kalia-yang-scholarship-deadline-2026-usa-scholarship-essay,essay,internal,70,medium,66,138,,true,result_count_unavailable_internal_context|title_length_out_of_range
/essays/how-to-write-trellis-company-nursing-scholarship-scholarship-essay,essay,internal,50,bad,67,95,,true,result_count_unavailable_internal_context|title_length_out_of_range|meta_description_length_out_of_range
/essays/how-to-write-cabela-s-stars-scholarship-scholarship-essay,essay,internal,65,medium,62,113,,true,result_count_unavailable_internal_context|meta_description_length_out_of_range
/essays/how-to-write-dorothy-zietz-scholarship-in-the-school-of-social-work-scholarship-essay,essay,internal,85,good,65,128,,true,result_count_unavailable_internal_context
/essays/how-to-write-randolph-brooks-founder-s-endowed-scholarship-scholarship-essay,essay,internal,65,medium,59,110,,true,result_count_unavailable_internal_context|meta_description_length_out_of_range
/compare,compare,internal,75,medium,51,132,,true,result_count_unavailable_internal_context|faq_missing
/compare/universities,compare,internal,75,medium,33,144,,true,result_count_unavailable_internal_context|faq_missing
/compare/states,compare,internal,60,medium,28,135,,true,result_count_unavailable_internal_context|title_length_out_of_range|faq_missing
/compare/universities/austin-community-college-vs-cuyahoga-community-college,compare,internal,85,good,59,142,,true,result_count_unavailable_internal_context
/compare/universities/midlands-technical-college-vs-university-of-north-florida,compare,internal,85,good,62,146,,true,result_count_unavailable_internal_context
/compare/universities/austin-community-college-vs-midlands-technical-college,compare,internal,70,medium,72,152,,true,result_count_unavailable_internal_context|title_length_out_of_range
/compare/universities/florida-gateway-college-vs-university-of-north-florida,compare,internal,85,good,59,135,,true,result_count_unavailable_internal_context
/compare/universities/cuyahoga-community-college-vs-waubonsee-community-college,compare,internal,85,good,57,128,,true,result_count_unavailable_internal_context
/compare/universities/austin-community-college-vs-florida-gateway-college,compare,internal,70,medium,69,147,,true,result_count_unavailable_internal_context|title_length_out_of_range
/compare/universities/midlands-technical-college-vs-waubonsee-community-college,compare,internal,85,good,62,134,,true,result_count_unavailable_internal_context
/compare/universities/massasoit-community-college-vs-worcester-state-university,compare,internal,85,good,62,139,,true,result_count_unavailable_internal_context
/compare/universities/eastern-florida-state-college-vs-massasoit-community-college,compare,internal,85,good,65,145,,true,result_count_unavailable_internal_context
/compare/universities/massachusetts-bay-community-college-massbay-vs-worcester-state-university,compare,internal,70,medium,70,142,,true,result_count_unavailable_internal_context|title_length_out_of_range
/compare/universities/eastern-florida-state-college-vs-massachusetts-bay-community-college-massbay,compare,internal,85,good,46,136,,true,result_count_unavailable_internal_context
/compare/universities/florida-gateway-college-vs-waubonsee-community-college,compare,internal,70,medium,72,146,,true,result_count_unavailable_internal_context|title_length_out_of_range
/compare/universities/university-of-south-florida-vs-worcester-state-university,compare,internal,85,good,62,140,,true,result_count_unavailable_internal_context
/compare/universities/austin-community-college-vs-university-of-north-florida,compare,internal,70,medium,73,145,,true,result_count_unavailable_internal_context|title_length_out_of_range
/compare/universities/eastern-florida-state-college-vs-university-of-south-florida,compare,internal,85,good,65,150,,true,result_count_unavailable_internal_context
/compare/universities/the-college-of-the-florida-keys-vs-worcester-state-university,compare,internal,70,medium,66,145,,true,result_count_unavailable_internal_context|title_length_out_of_range
/compare/universities/massachusetts-bay-community-college-massbay-vs-massasoit-community-college,compare,internal,70,medium,71,145,,true,result_count_unavailable_internal_context|title_length_out_of_range
/providers,provider,internal,40,bad,21,86,,true,result_count_unavailable_internal_context|title_length_out_of_range|meta_description_length_out_of_range|faq_missing
/providers/loyola-university-chicago,provider,internal,70,medium,48,663,612,true,meta_description_length_out_of_range|faq_missing
/providers/tarleton-state-university,provider,internal,70,medium,48,520,541,true,meta_description_length_out_of_range|faq_missing
/providers/stetson-university,provider,internal,70,medium,41,566,358,true,meta_description_length_out_of_range|faq_missing
/providers/alamo-colleges-foundation,provider,internal,70,medium,48,1023,326,true,meta_description_length_out_of_range|faq_missing
/providers/johnson-county-community-college,provider,internal,70,medium,55,551,300,true,meta_description_length_out_of_range|faq_missing
/providers/pensacola-state-college,provider,internal,70,medium,46,508,269,true,meta_description_length_out_of_range|faq_missing
/providers/broward-college,provider,internal,70,medium,38,463,262,true,meta_description_length_out_of_range|faq_missing
/providers/eastern-florida-state-college,provider,internal,70,medium,52,601,236,true,meta_description_length_out_of_range|faq_missing
/providers/worcester-state-university,provider,internal,70,medium,49,667,233,true,meta_description_length_out_of_range|faq_missing
/providers/university-of-west-florida,provider,internal,70,medium,49,994,231,true,meta_description_length_out_of_range|faq_missing
/providers/tallahassee-state-college,provider,internal,70,medium,48,435,220,true,meta_description_length_out_of_range|faq_missing
/providers/san-jacinto-college,provider,internal,70,medium,42,470,185,true,meta_description_length_out_of_range|faq_missing
/providers/southwestern-illinois-college-foundation,provider,internal,70,medium,63,576,170,true,meta_description_length_out_of_range|faq_missing
/providers/waubonsee-community-college,provider,internal,70,medium,50,558,156,true,meta_description_length_out_of_range|faq_missing
/providers/chipola-college,provider,internal,70,medium,38,488,147,true,meta_description_length_out_of_range|faq_missing
/providers/austin-community-college,provider,internal,70,medium,47,586,138,true,meta_description_length_out_of_range|faq_missing
/providers/university-of-north-florida,provider,internal,70,medium,50,991,125,true,meta_description_length_out_of_range|faq_missing
/providers/kankakee-community-college-foundation,provider,internal,70,medium,60,1051,122,true,meta_description_length_out_of_range|faq_missing
/providers/university-of-massachusetts-amherst,provider,internal,70,medium,58,644,120,true,meta_description_length_out_of_range|faq_missing
